From Date,PM2.5,PM10,NO2,SO2
01/01/2018 00:00,53.23,134.08,54.06,4.04
02/01/2018 00:00,76.06,148.15,56.09,5.3
03/01/2018 00:00,87.53,167.63,54.46,8.19
04/01/2018 00:00,88.14,169.4,63.57,13.66
05/01/2018 00:00,66.8,146.15,68.41,12.55
06/01/2018 00:00,67.71,152.81,78.09,8.34
07/01/2018 00:00,71.02,147.28,59.1,8
08/01/2018 00:00,71.95,144.65,64.37,6.49
09/01/2018 00:00,77.21,156.65,62.67,6.43
10/01/2018 00:00,70.19,161.1,58.09,9.66
11/01/2018 00:00,78.25,173.7,75.31,11.08
12/01/2018 00:00,72.46,160.23,86.59,16.81
13/01/2018 00:00,64.08,148.06,71.16,25
14/01/2018 00:00,73.58,123.91,56.1,11.52
15/01/2018 00:00,78.95,106.4,36.85,4.68
16/01/2018 00:00,62.49,119.78,44.88,5.74
17/01/2018 00:00,57.62,121.17,54.01,6.84
18/01/2018 00:00,59.03,132.54,63.29,5.86
19/01/2018 00:00,54.96,136.46,67.24,13.34
20/01/2018 00:00,57.09,135.74,75.56,21.03
21/01/2018 00:00,63.35,132.42,66.76,9.28
22/01/2018 00:00,66.73,127.68,55.81,5.53
23/01/2018 00:00,54.55,114.73,52.63,3.93
24/01/2018 00:00,59.69,123.62,45.07,5.78
25/01/2018 00:00,67.62,157.31,65.91,15.79
26/01/2018 00:00,64.7,148.08,68.13,19.47
27/01/2018 00:00,65.99,147.85,65.81,10.16
28/01/2018 00:00,63.6,136.4,50.93,4.44
29/01/2018 00:00,61.61,180.89,50.51,5.67
30/01/2018 00:00,52.36,164.94,60.79,15.69
31/01/2018 00:00,47.14,133.63,86.45,16.16
01/02/2018 00:00,43,121.59,85.46,10.96
02/02/2018 00:00,42.04,116.27,90.63,9.71
03/02/2018 00:00,35.1,101.5,49.91,7.83
04/02/2018 00:00,31.41,90.88,35.88,7.13
05/02/2018 00:00,33.57,101.19,45.36,4.31
06/02/2018 00:00,40.59,100.7,68.7,4.67
07/02/2018 00:00,50.45,131.12,91.96,8.44
08/02/2018 00:00,39.32,107.81,74.22,3.91
09/02/2018 00:00,45.74,101.42,54.89,7.62
10/02/2018 00:00,54.09,113.19,63.37,6.44
11/02/2018 00:00,70.91,88.07,36,1.51
12/02/2018 00:00,60.29,81.46,24.46,1.25
13/02/2018 00:00,43.18,84.04,34.63,0.87
14/02/2018 00:00,45.36,94.18,52.92,3.06
15/02/2018 00:00,49.45,116.46,55.24,10.58
16/02/2018 00:00,42.06,101.71,57.8,16.99
17/02/2018 00:00,42.6,119,68.79,19.02
18/02/2018 00:00,52.03,128.99,76.49,6.34
19/02/2018 00:00,41.21,103.3,43.68,4.72
20/02/2018 00:00,41.33,99.86,46.74,3.86
21/02/2018 00:00,48.9,112.28,51.62,4.94
22/02/2018 00:00,51.14,128.55,59.85,7.22
23/02/2018 00:00,45.82,124.08,57.99,5.22
24/02/2018 00:00,35.95,103.64,53.1,2.6
25/02/2018 00:00,31.69,94.99,68.56,3.79
26/02/2018 00:00,41.06,110.76,81.41,5.31
27/02/2018 00:00,40.55,108.16,84.74,8.07
28/02/2018 00:00,52.64,123.74,78.45,7.29
01/03/2018 00:00,44.91,116.01,71.66,6.69
02/03/2018 00:00,40.6,97.58,47.17,6.68
03/03/2018 00:00,41.99,98.48,47.5,6.59
04/03/2018 00:00,43.67,102.62,47.28,7.03
05/03/2018 00:00,38.07,103.91,44.71,7.42
06/03/2018 00:00,39.72,97.51,37.85,8.72
07/03/2018 00:00,36.04,94.17,40.98,5.57
08/03/2018 00:00,39.73,97.24,46.28,6.5
09/03/2018 00:00,47.5,123.31,65.62,2.83
10/03/2018 00:00,57.46,126.22,46.26,6.18
11/03/2018 00:00,44.02,99.07,34.44,4.52
12/03/2018 00:00,32.08,123.69,50.61,2.4
13/03/2018 00:00,31.83,84.83,49.81,3.72
14/03/2018 00:00,37.58,95.89,49.69,4.12
15/03/2018 00:00,43.25,104.67,49.27,6.72
16/03/2018 00:00,52.32,137.66,45.35,14.87
17/03/2018 00:00,43.88,78,38.57,1.93
18/03/2018 00:00,32.96,66.94,42.51,1.39
19/03/2018 00:00,35.92,82.93,55.19,2.39
20/03/2018 00:00,45.67,96.06,62.15,1.89
21/03/2018 00:00,50.11,113.29,58.29,9.27
22/03/2018 00:00,58.45,151.58,72.07,16.2
23/03/2018 00:00,49.29,152.04,82.39,16.13
24/03/2018 00:00,54.96,155.09,84.6,15.7
25/03/2018 00:00,64.41,146.39,54.98,8.36
26/03/2018 00:00,51.35,123.4,43.1,4.33
27/03/2018 00:00,48.43,116.96,43.28,7.16
28/03/2018 00:00,41.85,109.16,44.78,11.35
29/03/2018 00:00,47.55,124.55,49.88,7.16
30/03/2018 00:00,43.6,109.33,40.11,4.68
31/03/2018 00:00,41.97,110.07,40.06,6.08
01/04/2018 00:00,34.35,84.32,30.03,2.6
02/04/2018 00:00,32.02,79.77,51.57,1.09
03/04/2018 00:00,43,100.19,44.61,2.75
04/04/2018 00:00,38.43,98.94,47.6,4.06
05/04/2018 00:00,35.41,94.98,42.56,1.8
06/04/2018 00:00,40.91,110.35,48.33,2.72
07/04/2018 00:00,22.57,69.42,50.32,4.13
08/04/2018 00:00,23.56,56.42,38.54,0.49
09/04/2018 00:00,28.26,82.64,47.68,1.27
10/04/2018 00:00,28.5,90.73,54.18,1.38
11/04/2018 00:00,20.22,61.36,32.7,1.48
12/04/2018 00:00,23.54,75.13,49.55,5.03
13/04/2018 00:00,18.32,63.96,35.5,1.49
14/04/2018 00:00,15.1,53.3,30.95,1.56
15/04/2018 00:00,23.47,65.95,36.52,3.18
16/04/2018 00:00,36.09,98.76,60.85,4.05
17/04/2018 00:00,25.54,80.66,39.76,4.43
18/04/2018 00:00,24.68,75.32,37.81,4.38
19/04/2018 00:00,33.24,109.03,49.94,9.6
20/04/2018 00:00,34.73,117.48,55.66,4.52
21/04/2018 00:00,35.48,130.39,62.67,3.79
22/04/2018 00:00,30.96,96.33,34.93,4.61
23/04/2018 00:00,24.1,75.01,27.71,1.9
24/04/2018 00:00,23.93,95.03,38.28,2.63
25/04/2018 00:00,28.36,83.59,31.15,1.67
26/04/2018 00:00,31.48,89.45,42.39,3.68
27/04/2018 00:00,30.99,98.96,39.44,3.71
28/04/2018 00:00,69.73,82.1,27.8,3.31
29/04/2018 00:00,79.44,89.09,25.2,4.6
30/04/2018 00:00,57.39,101.61,48.92,4.29
01/05/2018 00:00,36.45,118.25,36.9,3.54
02/05/2018 00:00,33.36,95.15,13.94,2.63
03/05/2018 00:00,25.57,80.76,28.29,1.52
04/05/2018 00:00,14.64,43.59,29.03,1.59
05/05/2018 00:00,23.19,69.77,26.68,1.76
06/05/2018 00:00,26.72,78.32,23.34,3.51
07/05/2018 00:00,25.72,82.88,26.87,2.24
08/05/2018 00:00,36.94,107.02,50.45,3.12
09/05/2018 00:00,35.48,91.53,32.82,3.99
10/05/2018 00:00,26.27,69.49,30.26,2.08
11/05/2018 00:00,27.35,75.82,29.18,3.08
12/05/2018 00:00,26.03,68,25.24,2.2
13/05/2018 00:00,26.18,69.58,26.63,1.71
14/05/2018 00:00,23.61,59.01,21.83,1.62
15/05/2018 00:00,21.45,45.54,20.19,1.62
16/05/2018 00:00,36.92,86.47,30.44,3.5
17/05/2018 00:00,34.75,91.47,36.83,1.69
18/05/2018 00:00,29.88,73.53,24.25,1.23
19/05/2018 00:00,41.53,128.07,33.97,3.56
20/05/2018 00:00,36.2,109.9,22.9,2.75
21/05/2018 00:00,41.67,131.28,29.57,3.31
22/05/2018 00:00,36.67,100.74,22.92,2.45
23/05/2018 00:00,42.66,119.15,36.43,2.72
24/05/2018 00:00,32.84,94.36,36.54,2.21
25/05/2018 00:00,35.69,97.4,27.96,2.46
26/05/2018 00:00,20.1,62.27,23.22,0.58
27/05/2018 00:00,21.76,65.4,23.17,1.24
28/05/2018 00:00,25.43,69.05,20.18,1.5
29/05/2018 00:00,29.56,89.76,28.85,2.78
30/05/2018 00:00,25.5,73.8,18,1.59
31/05/2018 00:00,28.42,80.43,24.6,2.28
01/06/2018 00:00,31.58,65.97,27.97,1.59
02/06/2018 00:00,32.18,57.78,30.58,0.83
03/06/2018 00:00,29.7,63.51,21.68,0.78
04/06/2018 00:00,27.52,53.91,18.23,0.8
05/06/2018 00:00,29.32,63.41,31.05,0.84
06/06/2018 00:00,28.92,61.3,23.69,0.44
07/06/2018 00:00,15.28,23.94,13.12,0.15
08/06/2018 00:00,16.98,33.22,14.21,0.78
09/06/2018 00:00,16.8,33.71,14.02,0.4
10/06/2018 00:00,14.27,30.97,14.33,0.27
11/06/2018 00:00,19.93,51.64,18.83,0.49
12/06/2018 00:00,23.68,83.48,14.16,0.37
13/06/2018 00:00,23.45,87.43,14.11,0.3
14/06/2018 00:00,None,89.15,14.27,3.25
15/06/2018 00:00,None,75.34,13.94,2.31
16/06/2018 00:00,None,61.06,13.96,2.84
17/06/2018 00:00,None,63.21,19.21,2.28
18/06/2018 00:00,18.06,42.51,24.8,4.84
19/06/2018 00:00,34.59,14,12.27,2.68
20/06/2018 00:00,44.31,32.33,14.85,3.45
21/06/2018 00:00,4.19,27.71,17.25,3.22
22/06/2018 00:00,12.97,34.92,28.65,3.7
23/06/2018 00:00,12.2,20.05,12.98,1.93
24/06/2018 00:00,14.36,37.32,12.83,3.21
25/06/2018 00:00,14.78,42.02,12.53,2.71
26/06/2018 00:00,15.58,51,12.32,2.04
27/06/2018 00:00,15.12,40.76,15.31,2.52
28/06/2018 00:00,16.58,47.27,14.06,3.17
29/06/2018 00:00,16.98,55.33,14.33,2.46
30/06/2018 00:00,17.67,49.46,15.91,3.86
01/07/2018 00:00,14.47,34.21,14.17,3.3
02/07/2018 00:00,14.86,41.21,14.86,4.17
03/07/2018 00:00,15.83,39.05,15.17,3.29
04/07/2018 00:00,14.74,59.24,15.02,3.88
05/07/2018 00:00,10.95,32.82,12.3,2.78
06/07/2018 00:00,15.69,39.61,15.89,2.32
07/07/2018 00:00,19.1,34.23,13.61,2.7
08/07/2018 00:00,16.18,27.96,11.52,2.48
09/07/2018 00:00,15.18,27.46,10.91,2.18
10/07/2018 00:00,18.59,40.66,13.16,2.21
11/07/2018 00:00,19.06,44.57,11.21,2.4
12/07/2018 00:00,8.46,12.45,9.78,2.71
13/07/2018 00:00,11.82,20.51,10.5,2.73
14/07/2018 00:00,12.82,31.14,13.68,3.17
15/07/2018 00:00,None,None,None,None
16/07/2018 00:00,None,None,None,None
17/07/2018 00:00,14.16,26.07,10.81,2.77
18/07/2018 00:00,13.58,30.12,13.01,2.32
19/07/2018 00:00,13.87,34.83,13.71,3.28
20/07/2018 00:00,11.46,31.15,12.71,1.89
21/07/2018 00:00,21.62,55.38,16.48,3.22
22/07/2018 00:00,22.6,61.3,15.27,2.45
23/07/2018 00:00,17.08,62.34,12.17,3.33
24/07/2018 00:00,16.26,46.58,14.55,2.34
25/07/2018 00:00,16.79,51.32,12.39,3.49
26/07/2018 00:00,13.86,38.37,10.23,1.96
27/07/2018 00:00,13,43.02,12.64,2.36
28/07/2018 00:00,16.83,52.76,13.35,1.83
29/07/2018 00:00,18.25,58.33,13.55,0.7
30/07/2018 00:00,21.94,75.28,12.71,2.89
31/07/2018 00:00,18.42,62.41,13.86,2.92
01/08/2018 00:00,20.13,70.98,13.39,1.75
02/08/2018 00:00,23.32,74.68,17.8,1.78
03/08/2018 00:00,27.41,89.51,16.3,3.58
04/08/2018 00:00,19.64,64.33,12,1.84
05/08/2018 00:00,17.39,51.59,16.96,2.91
06/08/2018 00:00,19.6,60.77,11.38,2.83
07/08/2018 00:00,15.48,47.46,11.91,2.96
08/08/2018 00:00,12.43,41.51,13.46,2.65
09/08/2018 00:00,11.94,32.01,17.76,3.01
10/08/2018 00:00,12.08,31.21,13.43,3.16
11/08/2018 00:00,8.69,23.82,10.91,3.11
12/08/2018 00:00,8.11,19.97,9.79,2.95
13/08/2018 00:00,7.03,23.13,9.81,1.71
14/08/2018 00:00,17.28,53.08,17.96,2.37
15/08/2018 00:00,19.52,56,10.84,1.79
16/08/2018 00:00,3.8,6.42,8.11,1.69
17/08/2018 00:00,14.45,39.64,10.94,3.14
18/08/2018 00:00,10.91,29.88,10.88,2.92
19/08/2018 00:00,9.66,21.3,11.58,2.38
20/08/2018 00:00,7.58,16.9,9.31,2.94
21/08/2018 00:00,7.62,16.15,8.74,2.83
22/08/2018 00:00,7.49,18.85,11.5,2.81
23/08/2018 00:00,8.8,26.43,11.27,3.45
24/08/2018 00:00,8.55,20,12.25,1.51
25/08/2018 00:00,11.1,35.56,13.17,3.07
26/08/2018 00:00,9.2,25.58,12.49,2.98
27/08/2018 00:00,10.1,23.9,14.24,3.92
28/08/2018 00:00,11.52,33.3,15.48,2.16
29/08/2018 00:00,16.62,57.55,16.35,2.09
30/08/2018 00:00,20.49,74.79,17.33,3.45
31/08/2018 00:00,18.02,58.75,18.91,2.35
01/09/2018 00:00,16.23,51.5,17.84,4.52
02/09/2018 00:00,11.71,32.48,14.08,1.81
03/09/2018 00:00,8.54,23.92,13.76,3.44
04/09/2018 00:00,15.36,54.07,17.81,2.25
05/09/2018 00:00,17.38,57.56,17.17,2.67
06/09/2018 00:00,23.86,80.38,22.25,2.3
07/09/2018 00:00,18,63.21,14.27,1.94
08/09/2018 00:00,13.48,48.88,17.51,2.68
09/09/2018 00:00,22.72,79.03,27.5,3.78
10/09/2018 00:00,30.68,88.75,37.43,5.04
11/09/2018 00:00,28.35,71.16,41.1,3.12
12/09/2018 00:00,22.27,46.12,27.04,3.35
13/09/2018 00:00,37.02,76.5,29.75,3.28
14/09/2018 00:00,33.27,85.67,38.82,2.48
15/09/2018 00:00,34.49,84.28,34.55,5.19
16/09/2018 00:00,30.73,75.66,29.02,2.93
17/09/2018 00:00,21.84,48.16,24.45,4.14
18/09/2018 00:00,29.15,59.06,29.11,3.05
19/09/2018 00:00,31.22,80.48,26.58,3.46
20/09/2018 00:00,34.63,90.72,21.72,3.79
21/09/2018 00:00,31.14,72.5,16.11,3.54
22/09/2018 00:00,21.83,54.09,14.67,3.07
23/09/2018 00:00,26.89,60.86,21.48,2.68
24/09/2018 00:00,30.94,71.9,37.88,2.73
25/09/2018 00:00,34.4,84.7,34.12,2.89
26/09/2018 00:00,45.09,109.57,42.79,3.03
27/09/2018 00:00,34.84,77.71,37.45,2.95
28/09/2018 00:00,37.27,87.25,36.44,2.53
29/09/2018 00:00,50.32,105.81,37.65,4.55
30/09/2018 00:00,63.43,134.18,33.48,2.96
01/10/2018 00:00,58.4,126.71,41.78,3.45
02/10/2018 00:00,29.07,67.53,33.69,4.38
03/10/2018 00:00,30.12,69.03,30.74,3.24
04/10/2018 00:00,30.48,75.49,33.68,1.65
05/10/2018 00:00,33.95,95.83,38.34,5.1
06/10/2018 00:00,49.35,121.36,42.61,5.78
07/10/2018 00:00,64.82,135.83,41.9,4.13
08/10/2018 00:00,61.37,140.19,43.16,4.9
09/10/2018 00:00,57.7,150.71,49.5,11.3
10/10/2018 00:00,56.13,149.72,55.36,10.08
11/10/2018 00:00,47.51,152.43,42.59,14.93
12/10/2018 00:00,47.15,131.31,51.8,12.23
13/10/2018 00:00,57.51,137.51,55.85,12.15
14/10/2018 00:00,47.46,107.08,40.4,8.06
15/10/2018 00:00,51.5,100.51,36.13,6.7
16/10/2018 00:00,44.39,82.22,29.42,2.85
17/10/2018 00:00,34.1,53.81,36.88,4.21
18/10/2018 00:00,31.92,57.66,27.5,2.52
19/10/2018 00:00,37.02,87.57,45.93,3.41
20/10/2018 00:00,52.71,128.46,57.96,4.48
21/10/2018 00:00,54.79,129.33,54.08,5.84
22/10/2018 00:00,60.75,147.29,65.28,5.11
23/10/2018 00:00,61.79,138.09,49.98,5.95
24/10/2018 00:00,61.51,126.48,51.16,6.01
25/10/2018 00:00,55.06,130.48,55.08,5.26
26/10/2018 00:00,46.11,133.01,59.37,12.47
27/10/2018 00:00,52.01,149.4,72.21,10.93
28/10/2018 00:00,49.76,140.09,41.28,13.9
29/10/2018 00:00,42.8,124.95,36.51,25.55
30/10/2018 00:00,46.6,120.59,36.92,18.18
31/10/2018 00:00,50.58,130.69,52.5,18.53
01/11/2018 00:00,41.34,101.96,54.01,6.97
02/11/2018 00:00,22.62,57.36,36.79,3.16
03/11/2018 00:00,17.96,50.96,32.47,2.8
04/11/2018 00:00,18.77,49.5,32.44,3.24
05/11/2018 00:00,26.61,64.28,39.36,4.57
06/11/2018 00:00,39.88,97.31,43.51,2.84
07/11/2018 00:00,52.12,110.49,43.06,7.57
08/11/2018 00:00,53.17,103.92,38.02,5.85
09/11/2018 00:00,57.86,123.78,47.66,6.3
10/11/2018 00:00,55.56,139.33,47.52,15.16
11/11/2018 00:00,46.05,124.84,45.49,16.16
12/11/2018 00:00,57.45,152.85,46.14,25.79
13/11/2018 00:00,61.05,155.6,63.02,28.17
14/11/2018 00:00,65.72,161.32,70.87,25.28
15/11/2018 00:00,48.06,140.14,53.19,17.03
16/11/2018 00:00,32.04,93.98,45.18,7.37
17/11/2018 00:00,16.84,51.77,31.23,3.07
18/11/2018 00:00,13.17,45.82,30.53,3.48
19/11/2018 00:00,18.48,56.17,34.07,3.39
20/11/2018 00:00,44.52,112.37,46.13,4.18
21/11/2018 00:00,52.61,130.65,44.34,8.33
22/11/2018 00:00,54.46,124,55.53,8.93
23/11/2018 00:00,63.6,138.98,54.26,9.99
24/11/2018 00:00,68.43,154.47,63.91,11.1
25/11/2018 00:00,60.03,146.36,50.27,15.37
26/11/2018 00:00,52.07,142.42,57.31,14.95
27/11/2018 00:00,64.23,151.76,71.01,14.4
28/11/2018 00:00,73.14,155.59,78.54,6.63
29/11/2018 00:00,67.93,150.88,73.06,9.37
30/11/2018 00:00,62.49,142.32,61.8,16.6
01/12/2018 00:00,65.26,139.65,67.63,11.36
02/12/2018 00:00,66.82,None,60.43,8.42
03/12/2018 00:00,68.28,140.63,55.19,5.37
04/12/2018 00:00,74.72,141.33,51.62,5.36
05/12/2018 00:00,57.08,116.16,40.74,2.22
06/12/2018 00:00,58.42,115.85,47.38,2.73
07/12/2018 00:00,54.97,92.48,33.62,2.46
08/12/2018 00:00,73.19,122.9,33.93,3.62
09/12/2018 00:00,82.89,134.22,27.43,4
10/12/2018 00:00,74.85,145.54,28.18,5.38
11/12/2018 00:00,74.39,146.56,43.33,3.63
12/12/2018 00:00,70.86,133.04,37.14,2.45
13/12/2018 00:00,68.33,121.71,43.09,1.96
14/12/2018 00:00,74.29,125.98,47.46,4.6
15/12/2018 00:00,73.35,130.72,36.82,8.22
16/12/2018 00:00,74.55,143.45,33.84,17.92
17/12/2018 00:00,45.98,80.53,29.57,8.89
18/12/2018 00:00,15.32,31.88,24.85,4.6
19/12/2018 00:00,24.11,57.74,36.96,4.23
20/12/2018 00:00,34.76,91.45,57.2,3.7
21/12/2018 00:00,45.7,101.79,60.55,5.07
22/12/2018 00:00,68.62,127.67,57.17,7.71
23/12/2018 00:00,75.43,128.97,49.58,4.54
24/12/2018 00:00,74.49,150.09,60.91,5.9
25/12/2018 00:00,71.14,150.57,59.54,8.88
26/12/2018 00:00,63.32,120.25,45.45,7.12
27/12/2018 00:00,62.47,131.56,53.15,12.55
28/12/2018 00:00,55.86,144.59,53.27,20.37
29/12/2018 00:00,60,133.33,44.56,21.57
30/12/2018 00:00,67.61,135.66,52.92,16.03
31/12/2018 00:00,59.91,131.31,69.78,28.51
01/01/2019 00:00,64.05,143.57,91.88,35.71
02/01/2019 00:00,67.49,145.06,99.31,15.29
03/01/2019 00:00,66.56,143.57,89.93,11.27
04/01/2019 00:00,70.6,143.47,75.28,15.86
05/01/2019 00:00,69.11,138.41,57.72,7.09
06/01/2019 00:00,74.77,151.53,44.14,7.4
07/01/2019 00:00,76.12,159.37,65.38,6.54
08/01/2019 00:00,72.17,169.6,81.97,12.35
09/01/2019 00:00,74.79,169.97,112.4,23.9
10/01/2019 00:00,73.55,155.78,85.44,22.36
11/01/2019 00:00,72.14,139.45,50.91,5.47
12/01/2019 00:00,77.16,147.08,50.31,6.66
13/01/2019 00:00,62.36,112.95,36.38,4.63
14/01/2019 00:00,71.17,132,48.98,6.07
15/01/2019 00:00,72.31,141.56,50.59,9.14
16/01/2019 00:00,74.59,153.32,56.34,9.82
17/01/2019 00:00,74.38,163.87,76.85,9.22
18/01/2019 00:00,72.22,158.01,68.16,7.48
19/01/2019 00:00,75.28,156.77,67.42,11.19
20/01/2019 00:00,64.7,138.72,74.78,11.95
21/01/2019 00:00,61.59,131.89,49.88,5.92
22/01/2019 00:00,36.09,94.28,41.5,3.48
23/01/2019 00:00,51.86,107.08,38.69,5.23
24/01/2019 00:00,51.63,115.7,52.22,5.81
25/01/2019 00:00,28.89,80.54,30.4,4.48
26/01/2019 00:00,27.69,56.16,24.51,4.42
27/01/2019 00:00,49.08,80.33,26.11,3.81
28/01/2019 00:00,68.42,101.36,40.1,5.48
29/01/2019 00:00,60.28,113.86,42.2,9.64
30/01/2019 00:00,48.45,110.76,61.55,13.89
31/01/2019 00:00,56.26,113.37,65.47,5.61
01/02/2019 00:00,58.82,111.24,50.85,4.82
02/02/2019 00:00,53,111.77,56.26,3.02
03/02/2019 00:00,49.94,97.16,45.5,4.97
04/02/2019 00:00,58.03,114.19,48.48,3.98
05/02/2019 00:00,54.29,118.04,59.6,5.83
06/02/2019 00:00,56.93,130.91,60.2,6.23
07/02/2019 00:00,49.71,111.49,36.75,7.36
08/02/2019 00:00,51.92,139.29,60.13,6.48
09/02/2019 00:00,49.36,167.04,44.54,14.85
10/02/2019 00:00,44.52,168.14,38.21,23.56
11/02/2019 00:00,57.57,117.7,37.97,3.06
12/02/2019 00:00,53.81,115.94,46.53,2.64
13/02/2019 00:00,57.72,129.17,69.5,4.78
14/02/2019 00:00,54.16,129.81,49.83,3.98
15/02/2019 00:00,29.64,86.7,23.49,3.48
16/02/2019 00:00,41.22,105.53,39.28,4.74
17/02/2019 00:00,36.48,92.27,29.56,5.82
18/02/2019 00:00,56.57,127.8,45.2,5.06
19/02/2019 00:00,44.84,106.68,32.84,5.14
20/02/2019 00:00,28.14,82.47,28.88,3.92
21/02/2019 00:00,31.06,88.03,35.22,2.95
22/02/2019 00:00,35.44,103.59,43.72,5.64
23/02/2019 00:00,48.23,126.1,46.71,7.61
24/02/2019 00:00,37.55,92.75,27.28,7.73
25/02/2019 00:00,38.65,121.51,31.51,9.12
26/02/2019 00:00,43.59,130.6,42.13,9.66
27/02/2019 00:00,50.14,118.92,40.24,5.57
28/02/2019 00:00,42.96,128.55,35.31,7.58
01/03/2019 00:00,38.91,103.94,32.95,5.31
02/03/2019 00:00,22.39,56.55,16.11,4.91
03/03/2019 00:00,24.02,71.89,24.48,3.16
04/03/2019 00:00,31.88,96.98,33.42,7.37
05/03/2019 00:00,53.29,164.27,39.95,10.06
06/03/2019 00:00,56.72,163.56,47.15,15.51
07/03/2019 00:00,60.87,173.94,59.72,15.86
08/03/2019 00:00,56.62,153.18,46.85,9.83
09/03/2019 00:00,38.82,103.63,32.75,8.82
10/03/2019 00:00,36.48,91.6,31.28,5.95
11/03/2019 00:00,28.41,86.91,25.95,5.73
12/03/2019 00:00,31.46,99.59,26.32,5.61
13/03/2019 00:00,34.97,105.42,22.36,4.61
14/03/2019 00:00,32.77,106.24,26.03,9.79
15/03/2019 00:00,37.91,104.32,28.48,10.69
16/03/2019 00:00,28.75,94.22,20.6,4.85
17/03/2019 00:00,None,None,None,None
18/03/2019 00:00,21.33,85.67,28.63,3.22
19/03/2019 00:00,24.55,70.14,25.12,2.17
20/03/2019 00:00,35.8,91.73,26.86,1.52
21/03/2019 00:00,32.74,87.47,25.15,1.5
22/03/2019 00:00,31.29,86.07,29.68,2.53
23/03/2019 00:00,36.18,102.86,41.83,1.72
24/03/2019 00:00,40.03,103.76,36.79,1.8
25/03/2019 00:00,37.06,103.67,41.28,4.98
26/03/2019 00:00,39.91,119.47,43.7,2.01
27/03/2019 00:00,38.46,112.75,43.81,2.33
28/03/2019 00:00,45.56,136.68,42.8,4.61
29/03/2019 00:00,52.84,148.06,59.32,6.54
30/03/2019 00:00,49.51,124.79,40.19,4.01
31/03/2019 00:00,40.58,120.93,30.64,3.7
01/04/2019 00:00,31.86,102.24,41.86,4.05
02/04/2019 00:00,37,114.84,31.99,4.45
03/04/2019 00:00,38.48,116.28,34.77,2.09
04/04/2019 00:00,33.33,106.05,31.76,2.07
05/04/2019 00:00,24.11,76.81,14.48,1.86
06/04/2019 00:00,25.44,68.92,26.62,2.86
07/04/2019 00:00,24.24,65.2,14.44,0.78
08/04/2019 00:00,None,None,None,None
09/04/2019 00:00,None,None,None,None
10/04/2019 00:00,None,None,None,None
11/04/2019 00:00,None,None,None,None
12/04/2019 00:00,24.08,98.85,23.6,1.39
13/04/2019 00:00,26.17,79.33,38.89,1.71
14/04/2019 00:00,32.8,94.97,38.38,2.6
15/04/2019 00:00,26.8,89.69,26.02,2
16/04/2019 00:00,31.23,108.98,29,5.34
17/04/2019 00:00,24.04,71.27,19.74,2.92
18/04/2019 00:00,35.46,110.21,30.53,2.37
19/04/2019 00:00,25.12,64.85,26.03,0.56
20/04/2019 00:00,19.56,52.99,20.65,0.5
21/04/2019 00:00,19.44,52.52,18.47,0.35
22/04/2019 00:00,24.77,57.31,28.15,2.38
23/04/2019 00:00,25.52,75.35,39.38,3.55
24/04/2019 00:00,22.38,77.49,32.32,3.72
25/04/2019 00:00,28.96,91.55,31.66,4.63
26/04/2019 00:00,37.62,110.52,28.14,5.71
27/04/2019 00:00,41.55,130.26,36.06,6.57
28/04/2019 00:00,37.79,109.3,23.29,6.32
29/04/2019 00:00,32.27,96.33,19.1,4.68
30/04/2019 00:00,36.36,102.49,19.6,4.38
01/05/2019 00:00,35.6,107.66,20.83,4.34
02/05/2019 00:00,32.8,134.45,18.13,5.69
03/05/2019 00:00,28.82,143.67,13.72,4.72
04/05/2019 00:00,25.35,109.88,14.27,5.02
05/05/2019 00:00,29.64,115.93,30.73,6.4
06/05/2019 00:00,36.25,125.56,50.61,9.61
07/05/2019 00:00,47.49,151.46,81.48,10
08/05/2019 00:00,40.77,147.85,50.08,10.31
09/05/2019 00:00,38.04,126.93,50.61,11.45
10/05/2019 00:00,39.99,130.15,54.5,13.38
11/05/2019 00:00,40.8,125.75,28.76,5.27
12/05/2019 00:00,30.79,79.24,25.77,3.57
13/05/2019 00:00,34.31,105.22,25.83,4.84
14/05/2019 00:00,33.08,102.43,29.74,4.33
15/05/2019 00:00,33.77,102.76,30.38,4.11
16/05/2019 00:00,30.02,92.99,36,6.24
17/05/2019 00:00,36.33,118.68,23.29,5.07
18/05/2019 00:00,40.02,140.91,33.19,8.42
19/05/2019 00:00,50.01,152.24,49.32,10.29
20/05/2019 00:00,42.39,123.08,22,4.64
21/05/2019 00:00,35.16,106.35,16.38,4.22
22/05/2019 00:00,29.07,86.31,23.82,4.86
23/05/2019 00:00,36.68,110.16,19.01,4.85
24/05/2019 00:00,33.26,92.27,40.12,4.26
25/05/2019 00:00,42.64,119.43,40.73,7.01
26/05/2019 00:00,42.42,139.77,44.16,6.68
27/05/2019 00:00,34.4,111.02,28,5.3
28/05/2019 00:00,34.02,125.02,36.76,5.69
29/05/2019 00:00,44.27,142.22,42.15,7.28
30/05/2019 00:00,36.54,117.19,19.56,3.01
31/05/2019 00:00,30.77,100.92,18.18,3.3
01/06/2019 00:00,27.7,84.83,20.9,2.56
02/06/2019 00:00,33.05,114.76,22.2,4.42
03/06/2019 00:00,21.45,60.19,12.57,2.8
04/06/2019 00:00,19.7,51.32,22.52,1.38
05/06/2019 00:00,27.46,85.65,26.94,1.78
06/06/2019 00:00,31.03,94.9,22.45,2.27
07/06/2019 00:00,24.28,65.88,23.19,2.68
08/06/2019 00:00,25.79,64,21.15,2.02
09/06/2019 00:00,23.5,55.31,20.7,1.93
10/06/2019 00:00,17.19,43.07,13.96,1.86
11/06/2019 00:00,7.43,36.81,14.48,2.8
12/06/2019 00:00,6.31,27.25,9,2.15
13/06/2019 00:00,5.41,23.84,9.65,1.93
14/06/2019 00:00,10.84,38.84,8.41,1.71
15/06/2019 00:00,15.15,55.02,8.7,2
16/06/2019 00:00,15.23,55.65,5.64,2.25
17/06/2019 00:00,14.09,63.52,5.95,2.68
18/06/2019 00:00,13.83,58.48,9.27,2.05
19/06/2019 00:00,13.2,64.09,8.33,1.7
20/06/2019 00:00,9.89,51.58,8.61,2.51
21/06/2019 00:00,17.55,62.01,15.48,1.77
22/06/2019 00:00,13.7,36.22,12.64,1.59
23/06/2019 00:00,15.66,45.07,18.74,1.6
24/06/2019 00:00,12.9,37.3,15.1,1.91
25/06/2019 00:00,15.84,48.52,24.95,1.81
26/06/2019 00:00,8.58,31.91,11.45,2.19
27/06/2019 00:00,4.51,22.12,9.24,2.07
28/06/2019 00:00,7.39,20.76,8.66,1.6
29/06/2019 00:00,6.1,18.38,10.59,2.03
30/06/2019 00:00,8.31,24.14,8.96,1.5
01/07/2019 00:00,9.52,29.95,9.19,1.62
02/07/2019 00:00,9.31,24.46,9.47,2.15
03/07/2019 00:00,11.91,38.08,8.48,1.41
04/07/2019 00:00,9.33,35.25,7.15,1.93
05/07/2019 00:00,8.69,31.7,7.35,1.68
06/07/2019 00:00,10.18,41.51,6.22,2.07
07/07/2019 00:00,9.64,40.36,5.76,1.68
08/07/2019 00:00,11.12,42.84,7.02,1.64
09/07/2019 00:00,9.26,33.6,6.93,1.5
10/07/2019 00:00,6.85,29.44,7.26,1.97
11/07/2019 00:00,7,34.72,8.81,2.11
12/07/2019 00:00,6.38,31.74,10.21,1.45
13/07/2019 00:00,3.66,29.15,9.21,2.58
14/07/2019 00:00,9.84,43.38,13.9,1.84
15/07/2019 00:00,7.22,32.67,10.23,1.8
16/07/2019 00:00,13.96,57.96,15.02,2.34
17/07/2019 00:00,12.45,51.15,14.45,1.8
18/07/2019 00:00,17.85,67.52,19.72,2.38
19/07/2019 00:00,19.32,51.07,21.32,1.71
20/07/2019 00:00,9.66,25.94,14.06,2.08
21/07/2019 00:00,7.19,27.61,14.21,1.78
22/07/2019 00:00,3.75,26.23,14.61,1.63
23/07/2019 00:00,1.84,25.78,12.08,1.81
24/07/2019 00:00,5.5,35.71,13.4,1.62
25/07/2019 00:00,4.78,26.24,14.96,1.79
26/07/2019 00:00,7.7,28.03,12.16,1.69
27/07/2019 00:00,8.47,29.2,12.15,2.03
28/07/2019 00:00,9.56,33.79,11.98,2.15
29/07/2019 00:00,6.79,25.95,12.35,2.59
30/07/2019 00:00,2.59,15.17,11.19,1.94
31/07/2019 00:00,4.8,19.54,12.13,1.51
01/08/2019 00:00,3.77,18.71,11.72,1.87
02/08/2019 00:00,0.71,10.8,11.35,1.41
03/08/2019 00:00,1.16,9.16,8.92,1.89
04/08/2019 00:00,1.04,9.29,8.76,2.63
05/08/2019 00:00,0.94,12.21,10.47,1.58
06/08/2019 00:00,1.16,15.56,11.01,1.84
07/08/2019 00:00,2.45,18.28,11.46,1.46
08/08/2019 00:00,6,32.17,11.47,2.4
09/08/2019 00:00,6.45,32.85,9.33,2.24
10/08/2019 00:00,6.68,37.4,11.73,1.56
11/08/2019 00:00,10.51,46.95,12.98,1.73
12/08/2019 00:00,11.67,44.6,14.78,1.49
13/08/2019 00:00,18.6,64.01,19.55,1.75
14/08/2019 00:00,14.41,57.3,16.48,2.27
15/08/2019 00:00,11.3,42.89,14.38,1.93
16/08/2019 00:00,8.79,49.05,17.17,1.64
17/08/2019 00:00,12.02,55.79,16.45,2.02
18/08/2019 00:00,26.15,126.33,20.27,1.85
19/08/2019 00:00,15.15,53.92,19.14,1.05
20/08/2019 00:00,16.45,64.24,18.18,1.18
21/08/2019 00:00,15.5,54.82,18.27,1.71
22/08/2019 00:00,8.32,33.47,15.32,1.76
23/08/2019 00:00,12.34,43.23,15.18,1.63
24/08/2019 00:00,7.97,27.96,14.22,1.45
25/08/2019 00:00,5.42,26.4,10.99,1.29
26/08/2019 00:00,10.26,40.38,14.35,1.96
27/08/2019 00:00,11.65,61.03,14.99,2.02
28/08/2019 00:00,9.82,54.85,16.38,0.97
29/08/2019 00:00,6.48,36.17,16.43,1.78
30/08/2019 00:00,3.69,17.83,14.46,1.92
31/08/2019 00:00,4.62,19.42,11.57,2.14
01/09/2019 00:00,3,12.51,9.98,1.24
02/09/2019 00:00,4.07,15.8,11.02,1.93
03/09/2019 00:00,2.95,15.19,10.54,1.8
04/09/2019 00:00,2.47,16.03,10.2,1.49
05/09/2019 00:00,4.34,18.97,12.31,1.67
06/09/2019 00:00,7.57,23.57,14.99,1.88
07/09/2019 00:00,8.07,26.01,14.27,1.7
08/09/2019 00:00,6.74,24.32,13.82,2.26
09/09/2019 00:00,9.2,32.76,14.96,1.96
10/09/2019 00:00,11.11,36.94,15.52,1.74
11/09/2019 00:00,15.76,55.07,18.44,1.49
12/09/2019 00:00,15.57,48.65,15.66,4.59
13/09/2019 00:00,13.97,42.58,15.88,1.52
14/09/2019 00:00,12.73,36.09,18.88,1.48
15/09/2019 00:00,13.27,36.47,16.95,1.54
16/09/2019 00:00,17.51,45.8,15.93,1.01
17/09/2019 00:00,19.76,47.25,16.94,2.02
18/09/2019 00:00,15.92,35.26,27.43,2.02
19/09/2019 00:00,17.51,39.15,21.91,1.49
20/09/2019 00:00,15.27,33.69,25.31,1.44
21/09/2019 00:00,19.65,55.38,23.33,2.11
22/09/2019 00:00,20.76,49.56,31.68,1.94
23/09/2019 00:00,23.42,51.32,31.03,1.94
24/09/2019 00:00,19.69,36.73,35.64,1.5
25/09/2019 00:00,18.23,29.49,26.44,1.07
26/09/2019 00:00,12.44,30.02,18.35,1.43
27/09/2019 00:00,6.24,22.17,17.06,0.98
28/09/2019 00:00,17.28,37.16,16.07,2.05
29/09/2019 00:00,22.73,48.38,24.17,2.35
30/09/2019 00:00,29.85,57.84,36.82,2.41
01/10/2019 00:00,25.46,54.94,28.92,1.35
02/10/2019 00:00,23.94,60.35,28.14,1.78
03/10/2019 00:00,23.82,63.28,27.92,1.77
04/10/2019 00:00,22.34,64.01,27.35,2.01
05/10/2019 00:00,30.72,70.05,29.61,1.79
06/10/2019 00:00,29.61,54.9,26.3,0.82
07/10/2019 00:00,37.99,75.43,29.9,1.49
08/10/2019 00:00,42.39,73.82,27.58,1.37
09/10/2019 00:00,41.28,65.08,27.6,1.46
10/10/2019 00:00,27.92,55,42.96,1.69
11/10/2019 00:00,21.9,45.77,29.15,2.04
12/10/2019 00:00,23.75,49.39,29.69,1.64
13/10/2019 00:00,27.1,53.62,30.87,2.1
14/10/2019 00:00,36.72,76.43,28.34,2.5
15/10/2019 00:00,39.23,74.55,28.15,1.72
16/10/2019 00:00,48.32,87.43,34.03,1.63
17/10/2019 00:00,32.93,66.02,35.47,1.86
18/10/2019 00:00,15.85,43.16,28.33,2.71
19/10/2019 00:00,13.69,40,28.66,2.52
20/10/2019 00:00,15.68,35.91,26.03,1.62
21/10/2019 00:00,11.9,35.8,26.51,1.87
22/10/2019 00:00,29.64,70.67,32.04,1.14
23/10/2019 00:00,24.49,57.87,28.87,1.95
24/10/2019 00:00,11.72,39.46,20.89,2.08
25/10/2019 00:00,11.48,35.99,23.79,1.65
26/10/2019 00:00,10.94,34.17,20.6,2.4
27/10/2019 00:00,21.01,44.55,17.52,1.64
28/10/2019 00:00,45.47,91.54,23.82,1.76
29/10/2019 00:00,27.76,60.45,32.96,1.88
30/10/2019 00:00,25.09,57.73,31.89,1.83
31/10/2019 00:00,12.15,39.57,27.19,1.76
01/11/2019 00:00,14.9,43.82,30.1,1.51
02/11/2019 00:00,18.04,53.55,33.43,2.37
03/11/2019 00:00,26.85,66.41,31.95,2.16
04/11/2019 00:00,48.2,109.88,34.9,1.57
05/11/2019 00:00,75.35,156.97,44.19,2.67
06/11/2019 00:00,71.54,154.81,43.75,1.87
07/11/2019 00:00,54.64,110.81,35.76,2.27
08/11/2019 00:00,58.79,121.07,38.88,2.08
09/11/2019 00:00,71.22,135.99,34.84,2.89
10/11/2019 00:00,56.98,121.12,33.54,4.37
11/11/2019 00:00,49.65,98,38.77,3.06
12/11/2019 00:00,42.44,120.78,34.03,2.95
13/11/2019 00:00,44.91,105.34,35.98,3.46
14/11/2019 00:00,52.01,108.16,33.88,2.99
15/11/2019 00:00,58.52,123.15,44.13,3.64
16/11/2019 00:00,54.57,113.79,35.87,3.09
17/11/2019 00:00,None,None,None,None
18/11/2019 00:00,64.34,143.5,47.4,7.36
19/11/2019 00:00,75.73,158.76,39.35,7.21
20/11/2019 00:00,78.22,149.33,41.15,3.26
21/11/2019 00:00,71.48,132.26,38.58,2.82
22/11/2019 00:00,67.9,136.04,49.58,1.59
23/11/2019 00:00,68.3,142.83,50.87,5.19
24/11/2019 00:00,71.23,136.88,44.37,2.95
25/11/2019 00:00,75.95,146.38,39.42,3.52
26/11/2019 00:00,73.06,131.65,35.57,3.15
27/11/2019 00:00,62.33,120.01,39.45,1.32
28/11/2019 00:00,61.74,119.42,39.09,2.84
29/11/2019 00:00,48.84,106.71,40.26,2.11
30/11/2019 00:00,50.55,106.85,42.94,2.44
01/12/2019 00:00,46.74,96.27,32.66,1.98
02/12/2019 00:00,31.74,65.83,29.06,1.51
03/12/2019 00:00,40.48,77.08,36.16,2.31
04/12/2019 00:00,69.51,124.32,36.97,2.04
05/12/2019 00:00,71.02,142.71,50.59,2.45
06/12/2019 00:00,79.27,150.53,44.43,3.33
07/12/2019 00:00,72.33,136.79,42.55,1.88
08/12/2019 00:00,50.4,102.39,38.23,2.81
09/12/2019 00:00,40.23,90.04,42.37,2.63
10/12/2019 00:00,38.21,94.27,41.87,2.25
11/12/2019 00:00,46.71,105.25,45,2.14
12/12/2019 00:00,32.28,82.91,37.65,1.28
13/12/2019 00:00,19.41,58.46,26.14,3.29
14/12/2019 00:00,24.62,66.37,32.66,1.61
15/12/2019 00:00,28.48,65.3,23.85,1.43
16/12/2019 00:00,36.08,88.48,36.01,1.49
17/12/2019 00:00,55.21,110.25,46.81,2.81
18/12/2019 00:00,65.4,134.87,46.87,2.82
19/12/2019 00:00,68.91,132.15,43.39,1.58
20/12/2019 00:00,72.1,142.95,54.53,3.55
21/12/2019 00:00,70.08,139.07,38.6,3.17
22/12/2019 00:00,67.9,121.67,32.82,2.31
23/12/2019 00:00,60.08,116.09,34.3,1.53
24/12/2019 00:00,47.2,96.62,27.03,2.54
25/12/2019 00:00,57.86,108.71,27.41,1.74
26/12/2019 00:00,48.11,105.87,28.96,1.57
27/12/2019 00:00,48.27,115.65,32.6,2.38
28/12/2019 00:00,64.81,126,33.3,8.12
29/12/2019 00:00,68.01,132.21,34.69,6.81
30/12/2019 00:00,60.59,114.7,28.74,3.36
31/12/2019 00:00,34.98,77.43,30.88,3.16
01/01/2020 00:00,28.59,60.95,24.08,2.73
02/01/2020 00:00,17.29,47.08,28.58,2.03
03/01/2020 00:00,18.01,48.72,22.37,2.8
04/01/2020 00:00,44.17,90.06,27.84,2.37
05/01/2020 00:00,53.99,101.56,30.71,9.12
06/01/2020 00:00,42.32,86.37,29.94,5.66
07/01/2020 00:00,39.04,82.92,28.17,2.05
08/01/2020 00:00,27.09,71.65,25.38,2.8
09/01/2020 00:00,34.68,80.8,29.97,2.81
10/01/2020 00:00,63.51,116.66,31.56,3.19
11/01/2020 00:00,66.81,127.81,41.33,5.49
12/01/2020 00:00,58.06,127.8,40.99,5.2
13/01/2020 00:00,55.11,126.18,51.75,6.15
14/01/2020 00:00,61.98,123.22,34.27,1.77
15/01/2020 00:00,34.05,70.48,20.42,2.75
16/01/2020 00:00,21.31,59.81,21.59,2.61
17/01/2020 00:00,17.26,52.8,25.98,2.36
18/01/2020 00:00,21.02,60.01,27.77,1.82
19/01/2020 00:00,19.53,58.72,23.6,1.81
20/01/2020 00:00,24.86,73.33,28.95,2.67
21/01/2020 00:00,22.99,74.45,30.35,3.54
22/01/2020 00:00,24.54,70.18,30.53,1.93
23/01/2020 00:00,39.5,98.14,45.15,2.67
24/01/2020 00:00,44.84,112.59,56.71,2.51
25/01/2020 00:00,55.57,132.28,51.23,3.77
26/01/2020 00:00,46.76,123.44,38.54,3.22
27/01/2020 00:00,43.99,108.9,32.55,3.51
28/01/2020 00:00,36.76,98.72,20.57,5.29
29/01/2020 00:00,43.92,128.52,38.26,2.18
30/01/2020 00:00,59.09,154.34,36.21,4.21
31/01/2020 00:00,45.41,117.39,40.86,5.63
01/02/2020 00:00,24.56,72.39,75.87,5.66
02/02/2020 00:00,26.2,62.95,34.92,2.6
03/02/2020 00:00,21.53,76.09,38.31,2.82
04/02/2020 00:00,16.89,63.84,38.6,2.7
05/02/2020 00:00,24.06,74.85,45.86,1.38
06/02/2020 00:00,20.91,77.77,38.8,2.54
07/02/2020 00:00,22.82,79.05,30.72,1.74
08/02/2020 00:00,28.39,74.28,35.04,2.1
09/02/2020 00:00,31.21,64.77,35.62,3.04
10/02/2020 00:00,29.11,63.9,36.73,1.95
11/02/2020 00:00,33.31,74.28,37.7,3.03
12/02/2020 00:00,41.34,91.59,45.09,1.08
13/02/2020 00:00,49.08,119.55,53.1,6.18
14/02/2020 00:00,59.66,148.6,78.39,10.62
15/02/2020 00:00,50.73,144.93,71.01,6.82
16/02/2020 00:00,55.44,125.96,58.86,6.01
17/02/2020 00:00,46.83,121.98,53.25,5.05
18/02/2020 00:00,31.46,105.23,56.06,8.71
19/02/2020 00:00,36.54,103.23,50.01,4.07
20/02/2020 00:00,37.64,87.57,35.35,2.67
21/02/2020 00:00,26.23,69.29,32.82,2.12
22/02/2020 00:00,21.26,68.28,39.27,1.44
23/02/2020 00:00,18.25,57.98,32.76,2.02
24/02/2020 00:00,23.74,70.4,32.09,2.11
25/02/2020 00:00,33.53,92.1,33.29,2.94
26/02/2020 00:00,44.79,121.17,40.25,7.65
27/02/2020 00:00,30.56,100.28,41.61,6.5
28/02/2020 00:00,36.11,98.87,41.98,3.05
29/02/2020 00:00,33.21,83.91,33.28,2.39
01/03/2020 00:00,33.07,88.41,32.93,1.93
02/03/2020 00:00,33.12,85.81,34.4,1.61
03/03/2020 00:00,37.55,94.97,30.74,1.64
04/03/2020 00:00,35.97,111.56,35.87,3.56
05/03/2020 00:00,43.26,120.97,39.46,6.08
06/03/2020 00:00,24.91,85.82,26.12,3.38
07/03/2020 00:00,28.77,87.48,26.17,2.14
08/03/2020 00:00,24.7,60.79,21.09,3.12
09/03/2020 00:00,23.16,69.56,5.83,2.25
10/03/2020 00:00,16.87,53.81,14.41,2.44
11/03/2020 00:00,21.49,68.85,29.62,1.86
12/03/2020 00:00,23.77,77.54,33.45,2.62
13/03/2020 00:00,17.58,69.08,28.31,3.05
14/03/2020 00:00,21.47,74.31,28.95,2.53
15/03/2020 00:00,24.11,74.17,27.05,3.02
16/03/2020 00:00,17.46,59.15,24.99,2.86
17/03/2020 00:00,13.42,59.1,22.15,1.94
18/03/2020 00:00,16.2,60.78,24.84,3.31
19/03/2020 00:00,32.82,93.52,31.05,3.06
20/03/2020 00:00,22.79,66.29,3.07,2.6
21/03/2020 00:00,30.52,87.99,1.43,3
22/03/2020 00:00,29.28,67.9,1.42,2.86
23/03/2020 00:00,30.52,68.64,1.41,2.3
24/03/2020 00:00,22.27,57.42,1.67,2.97
25/03/2020 00:00,19.93,52.38,1.4,1.98
26/03/2020 00:00,22.04,56.8,1.44,2.31
27/03/2020 00:00,26.23,64.73,1.57,3.36
28/03/2020 00:00,28.08,60.88,4.75,3.05
29/03/2020 00:00,33.8,69.49,38.73,3.43
30/03/2020 00:00,29.84,61.66,50.08,4.47
31/03/2020 00:00,36.32,66.89,50.27,3.06
01/04/2020 00:00,38.52,75.01,49.75,2.5
02/04/2020 00:00,37.67,70.66,49.68,2.64
03/04/2020 00:00,33.02,65.82,50.36,7.6
04/04/2020 00:00,33.7,64.36,58.14,3.1
05/04/2020 00:00,26.93,54.44,54.31,2.46
06/04/2020 00:00,23.72,63.2,53.4,2.36
07/04/2020 00:00,16.9,36.86,61.92,2.59
08/04/2020 00:00,19.34,44.91,47.31,1.47
09/04/2020 00:00,24.35,57.76,55.84,3.89
10/04/2020 00:00,16.32,37.23,101.81,4.87
11/04/2020 00:00,16.85,40.25,82.22,4.41
12/04/2020 00:00,24.79,54.04,35.52,4.76
13/04/2020 00:00,28.19,61.77,29.16,5.29
14/04/2020 00:00,29.01,71.52,28.37,5.46
15/04/2020 00:00,26.2,65.72,26.87,5.81
16/04/2020 00:00,28.75,64.68,27.73,6.07
17/04/2020 00:00,31.33,69.3,26.89,4.87
18/04/2020 00:00,32.08,64.72,48.3,4.75
19/04/2020 00:00,22.5,53.02,39.32,4.29
20/04/2020 00:00,18.4,48.34,35.94,4.63
21/04/2020 00:00,13.16,34.2,35.41,3.78
22/04/2020 00:00,16.76,42.01,32.07,4.15
23/04/2020 00:00,19.94,56.68,29.9,6.19
24/04/2020 00:00,21.58,55.99,28.81,5.33
25/04/2020 00:00,23.94,68.19,28.07,6.46
26/04/2020 00:00,22.7,54.84,26.39,5
27/04/2020 00:00,15.06,51.22,25.14,5.67
28/04/2020 00:00,17.12,53.34,27.51,4.44
29/04/2020 00:00,11.31,36,26.2,4.49
30/04/2020 00:00,16.38,45.7,26.87,4.96
01/05/2020 00:00,16.73,34.64,26.17,4.75
02/05/2020 00:00,19.67,52.01,27.73,5.36
03/05/2020 00:00,27.05,71.62,27.99,5.36
04/05/2020 00:00,23.11,64.2,26.03,5
05/05/2020 00:00,26.33,74.26,25.71,5.27
06/05/2020 00:00,19.07,55.89,23.59,4.42
07/05/2020 00:00,21.99,60.77,24.7,5.12
08/05/2020 00:00,20.82,57.57,23.36,5.13
09/05/2020 00:00,18.78,56.02,22.71,5.94
10/05/2020 00:00,13.61,40.24,25.54,5.64
11/05/2020 00:00,20.55,65.51,28.22,5.67
12/05/2020 00:00,18.05,59.02,26.53,4.23
13/05/2020 00:00,12.9,51.49,24.08,6.24
14/05/2020 00:00,15.98,49.77,24.58,5.62
15/05/2020 00:00,12.68,47.55,23.98,5.81
16/05/2020 00:00,18.22,52.81,25.21,5.74
17/05/2020 00:00,21.48,70.76,24.29,5.17
18/05/2020 00:00,19.76,67.21,23.2,5.52
19/05/2020 00:00,33.84,122.16,26.28,9.84
20/05/2020 00:00,26.98,112.53,23.41,8.14
21/05/2020 00:00,22.95,104.22,25.21,12.51
22/05/2020 00:00,31.7,129.65,30.47,11.06
23/05/2020 00:00,35.74,135.52,28.63,8.48
24/05/2020 00:00,31.98,109,21.57,6.38
25/05/2020 00:00,29.18,92.02,18.97,6.73
26/05/2020 00:00,27.61,82.03,18.86,6.13
27/05/2020 00:00,24.85,81.71,19.5,5.63
28/05/2020 00:00,22.01,90.54,20.64,5.84
29/05/2020 00:00,14.92,72.45,21.37,5.63
30/05/2020 00:00,13.15,50.69,25.63,5.13
31/05/2020 00:00,18.5,57.96,28.38,5.22
01/06/2020 00:00,None,64.18,30,4.81
02/06/2020 00:00,None,19.24,22.14,3.89
03/06/2020 00:00,8.15,23.88,22.54,5.75
04/06/2020 00:00,11.92,28.98,21.6,4.34
05/06/2020 00:00,16.4,65.14,23.78,5.5
06/06/2020 00:00,23.05,69.36,22.76,4.24
07/06/2020 00:00,18.93,47.18,22,4.13
08/06/2020 00:00,20.29,62.91,19.43,3.74
09/06/2020 00:00,17.26,45.46,21.92,4.81
10/06/2020 00:00,19.32,37.57,21.97,3.86
11/06/2020 00:00,16.07,36.01,19.45,4.11
12/06/2020 00:00,17.2,31.38,19.01,3.93
13/06/2020 00:00,14.31,27.23,19.5,4.13
14/06/2020 00:00,12.03,23.94,18.95,4.01
15/06/2020 00:00,15.86,30.88,17.89,3.91
16/06/2020 00:00,14.49,32.64,17.67,4.79
17/06/2020 00:00,11.61,24.76,16.05,4.47
18/06/2020 00:00,19.07,38.6,17.04,4.29
19/06/2020 00:00,22.65,47.1,17,5.19
20/06/2020 00:00,26.52,51.77,18.16,3.93
21/06/2020 00:00,27.26,55.68,16.87,4.57
22/06/2020 00:00,26.76,54.25,19.32,5.19
23/06/2020 00:00,27.3,56.98,21.81,4.1
24/06/2020 00:00,24.97,51.51,23.88,4.74
25/06/2020 00:00,26.96,53.6,24.18,4.23
26/06/2020 00:00,30.18,55.29,25.98,5
27/06/2020 00:00,25.23,45.37,24.37,4.99
28/06/2020 00:00,13.49,30,22.36,3.42
29/06/2020 00:00,19.92,41.84,27.24,5.39
30/06/2020 00:00,18.79,38.66,23.88,4.4
01/07/2020 00:00,16.22,32.73,21.86,4.88
02/07/2020 00:00,10.65,22.02,19.79,4.78
03/07/2020 00:00,9.07,19,16.05,5.3
04/07/2020 00:00,11.98,27.21,18.21,4.58
05/07/2020 00:00,18.38,33.8,16.84,3.94
06/07/2020 00:00,22.22,48.32,18.77,4.28
07/07/2020 00:00,18.26,37.08,17.7,4.91
08/07/2020 00:00,10.25,23.57,18.33,4.95
09/07/2020 00:00,10.83,24.86,19.8,4.37
10/07/2020 00:00,14.3,28.89,18.12,4.57
11/07/2020 00:00,17.39,33.34,20.02,4.57
12/07/2020 00:00,21.81,None,18.92,4.88
13/07/2020 00:00,19.26,45.84,23.61,4.13
14/07/2020 00:00,14.47,26.94,17.51,7.22
15/07/2020 00:00,9.26,19.08,19,2.87
16/07/2020 00:00,10.57,22.59,16.26,4.59
17/07/2020 00:00,14.76,30.2,18.36,4.26
18/07/2020 00:00,19.23,37.89,20.5,4.04
19/07/2020 00:00,16.46,35.59,21.51,4.33
20/07/2020 00:00,14.55,28.92,23.52,4.1
21/07/2020 00:00,15.56,27.71,20.66,4.9
22/07/2020 00:00,18.39,32.86,25.97,4.13
23/07/2020 00:00,20.18,41.86,22.15,3.63
24/07/2020 00:00,15.28,33.98,21.31,4.54
25/07/2020 00:00,19.03,48.31,23.21,4.02
26/07/2020 00:00,14.56,None,21.21,4.26
27/07/2020 00:00,13.14,27.12,19.51,4.42
28/07/2020 00:00,13.44,29.34,22.31,4.39
29/07/2020 00:00,15.72,31.29,25.88,3.78
30/07/2020 00:00,18.17,39.62,24.81,3.04
31/07/2020 00:00,24.18,44.14,26.98,4.93
01/08/2020 00:00,29.14,59.38,25.16,15.14
02/08/2020 00:00,None,None,None,None
03/08/2020 00:00,10.03,22.3,13.74,11.13
04/08/2020 00:00,10.26,29.1,13.1,3.52
05/08/2020 00:00,8.74,18.31,12.27,3.28
06/08/2020 00:00,16.7,31.69,15.44,3.96
07/08/2020 00:00,15.26,27.72,11.71,4.29
08/08/2020 00:00,14.44,31.39,6.83,4.07
09/08/2020 00:00,None,None,None,None
10/08/2020 00:00,None,None,None,None
11/08/2020 00:00,4,13,None,1.87
12/08/2020 00:00,None,None,None,None
13/08/2020 00:00,13.79,21.93,27.51,13.05
14/08/2020 00:00,17.23,33.91,17.01,4.5
15/08/2020 00:00,15.49,23,15.7,4.26
16/08/2020 00:00,10.67,16.61,15.25,3.96
17/08/2020 00:00,12.71,21.42,17.41,4.19
18/08/2020 00:00,16.9,30.53,17.16,4.78
19/08/2020 00:00,13.21,23.07,17.73,3.95
20/08/2020 00:00,12.46,21.74,17.12,4.73
21/08/2020 00:00,12.37,22.98,15.22,4.17
22/08/2020 00:00,15.76,30.26,15.7,3.79
23/08/2020 00:00,14.04,28.3,16.39,4.01
24/08/2020 00:00,15.45,31.92,17.48,3.48
25/08/2020 00:00,20.64,38.77,20.1,4.71
26/08/2020 00:00,24.46,51.22,20.39,4.66
27/08/2020 00:00,20.56,37.9,19.75,5.12
28/08/2020 00:00,17.59,30.72,19.54,4.95
29/08/2020 00:00,18.82,36.9,18.94,4.91
30/08/2020 00:00,16.24,32.82,19.64,4.17
31/08/2020 00:00,21.87,41.32,22.69,4.55
01/09/2020 00:00,34.12,70.51,23.72,4.65
02/09/2020 00:00,32.49,64.28,24.86,4.93
03/09/2020 00:00,33.05,57.22,25.79,4.3
04/09/2020 00:00,23.47,44.27,23.83,4.96
05/09/2020 00:00,21.23,42.94,25.52,5.51
06/09/2020 00:00,23.59,45.09,25.78,3.81
07/09/2020 00:00,22.93,42.54,22.78,3.57
08/09/2020 00:00,27.88,50.64,24,4.96
09/09/2020 00:00,28.05,53.76,26.77,5.69
10/09/2020 00:00,25.43,49.72,24.08,4.9
11/09/2020 00:00,31.89,57.64,29.94,5.63
12/09/2020 00:00,12.71,26.54,18.65,4.94
13/09/2020 00:00,12.99,21.66,16.52,3.24
14/09/2020 00:00,19.02,32.89,18.08,5.08
15/09/2020 00:00,13.27,23.93,17.64,4.82
16/09/2020 00:00,16.27,27.94,18.98,4.59
17/09/2020 00:00,16.29,25.96,18.17,4.79
18/09/2020 00:00,18.35,32.22,18.05,4.53
19/09/2020 00:00,31.28,49.22,20.93,4.75
20/09/2020 00:00,25.43,38.28,18.42,4.52
21/09/2020 00:00,13.72,23.55,16.44,4.36
22/09/2020 00:00,13.23,23.89,15.68,5
23/09/2020 00:00,15.84,31.59,15.88,4.6
24/09/2020 00:00,17.25,34.8,17.1,4.67
25/09/2020 00:00,16.16,31.38,20.62,5.38
26/09/2020 00:00,10.75,18.88,18.23,5.07
27/09/2020 00:00,20.38,37.19,21.61,5.48
28/09/2020 00:00,32.67,60.94,24.85,5.57
29/09/2020 00:00,37.7,65.61,23.93,4.46
30/09/2020 00:00,43.7,79.49,26.14,5.37
01/10/2020 00:00,39.05,66.28,20.37,5.05
02/10/2020 00:00,45.19,91.9,22.52,5.21
03/10/2020 00:00,47.87,99.57,24.05,5.77
04/10/2020 00:00,46.66,92.64,23.29,5.19
05/10/2020 00:00,39.99,86.99,23.55,5.41
06/10/2020 00:00,47.98,104.52,27.09,4.38
07/10/2020 00:00,60.85,115.54,26.54,1.61
08/10/2020 00:00,53.03,94.64,29.06,2.03
09/10/2020 00:00,46.64,79.81,27.77,1.05
10/10/2020 00:00,33.11,64.36,29.23,0.9
11/10/2020 00:00,22.46,41.67,23.63,1.31
12/10/2020 00:00,28.49,49.54,25.74,3.11
13/10/2020 00:00,19.01,27.96,22.35,0.27
14/10/2020 00:00,13.61,25.95,32.57,0.71
15/10/2020 00:00,19.41,38.7,27.92,0.87
16/10/2020 00:00,22.26,47.98,27.62,0.92
17/10/2020 00:00,22.47,48.99,29.44,1.37
18/10/2020 00:00,23.23,35.54,33.19,1.77
19/10/2020 00:00,28.74,55.67,33.75,1.27
20/10/2020 00:00,41.66,62.29,35.7,1.27
21/10/2020 00:00,41.4,88.06,30.27,0.76
22/10/2020 00:00,74.86,134.51,36.97,4.21
23/10/2020 00:00,73.32,153.15,39.47,3.38
24/10/2020 00:00,67.11,134.09,41.28,4.5
25/10/2020 00:00,61.02,110.38,37.29,1.44
26/10/2020 00:00,60.19,116.24,35.43,2.29
27/10/2020 00:00,63.64,121.84,36.78,3.49
28/10/2020 00:00,63.67,130.21,44.49,3.32
29/10/2020 00:00,72.58,137.77,45.98,4.56
30/10/2020 00:00,74.78,148.85,43.11,14.63
31/10/2020 00:00,77.95,162.03,40.08,5.75
01/11/2020 00:00,69.98,154.8,38.3,4.47
02/11/2020 00:00,74.91,161.18,40.99,6.38
03/11/2020 00:00,80.5,169.08,38.06,7.77
04/11/2020 00:00,70.27,160.05,45.31,10.47
05/11/2020 00:00,61.53,142.19,44.13,6.63
06/11/2020 00:00,66.94,140.3,45.03,10.34
07/11/2020 00:00,77.68,152.21,37.13,7.37
08/11/2020 00:00,61.6,123.96,39.15,16.6
09/11/2020 00:00,70.27,145.45,43.05,14.8
10/11/2020 00:00,73.86,158.93,39.66,14.05
11/11/2020 00:00,57.82,123.75,47,13.58
12/11/2020 00:00,27.41,58.22,35.85,2.94
13/11/2020 00:00,29.99,64.28,36.25,2.45
14/11/2020 00:00,43.64,91.49,38.89,3.57
15/11/2020 00:00,46.01,85.29,30.7,3.23
16/11/2020 00:00,41.7,78.27,31.03,2.74
17/11/2020 00:00,42.31,81.84,35.48,3.06
18/11/2020 00:00,34.91,68.8,32.36,2.33
19/11/2020 00:00,24.15,55.9,28.72,1.33
20/11/2020 00:00,26.33,60.62,33.19,1.13
21/11/2020 00:00,33.41,87.73,40.82,3.38
22/11/2020 00:00,55.03,109.64,42.66,3.59
23/11/2020 00:00,61.01,120.06,41.11,7.12
24/11/2020 00:00,60.01,130.7,43.31,11.91
25/11/2020 00:00,47.98,101.07,36.13,5.97
26/11/2020 00:00,35.72,69.57,28.32,2.55
27/11/2020 00:00,41.24,65.45,26.73,2.84
28/11/2020 00:00,28.7,55.67,30.58,2.54
29/11/2020 00:00,25.76,60.96,31.18,1.94
30/11/2020 00:00,39.64,89.82,44.13,3.26
01/12/2020 00:00,58.21,121.71,46.46,5.81
02/12/2020 00:00,62.1,131.32,43.08,8.67
03/12/2020 00:00,63.16,124.29,49.63,8.27
04/12/2020 00:00,53.48,110.93,46.89,7.65
05/12/2020 00:00,51.75,112.34,39.66,8.79
06/12/2020 00:00,46.14,95.26,38.24,10.8
07/12/2020 00:00,43.49,94.42,37.83,7.17
08/12/2020 00:00,47.38,99.85,56.23,7.19
09/12/2020 00:00,49.24,115.08,68.25,14.2
10/12/2020 00:00,47.09,109.76,58.66,7.8
11/12/2020 00:00,39.84,84.65,40.32,3.93
12/12/2020 00:00,53.01,100.28,38.65,5.25
13/12/2020 00:00,64.35,114.04,41.1,4.45
14/12/2020 00:00,48.02,96.85,34.72,4.16
15/12/2020 00:00,48.1,100.1,37.86,3.14
16/12/2020 00:00,63.97,121.41,40.63,3.47
17/12/2020 00:00,54.08,110.67,54.3,5.18
18/12/2020 00:00,69.72,132.43,44.56,5.33
19/12/2020 00:00,68.34,135.06,42.56,7.07
20/12/2020 00:00,57.16,114.03,38.71,10.26
21/12/2020 00:00,46.2,108.35,45.77,11.72
22/12/2020 00:00,46.88,117.04,62.19,9.67
23/12/2020 00:00,69.77,148.27,63.3,6.57
24/12/2020 00:00,71.77,136.35,48.42,4.93
25/12/2020 00:00,79.5,154.59,50.61,4.27
26/12/2020 00:00,79.03,173.82,62.88,6.93
27/12/2020 00:00,74.25,165.79,59.81,7.81
28/12/2020 00:00,75.25,159.81,52.92,3.73
29/12/2020 00:00,77.42,158.99,43.32,3.43
30/12/2020 00:00,80.15,157.26,38.63,2.17
31/12/2020 00:00,79.72,153.58,38.91,3.52
01/01/2021 00:00,79.15,157.48,35.42,1.76
02/01/2021 00:00,81.17,150.01,36.11,2.32
03/01/2021 00:00,78.96,149.17,38.76,2.53
04/01/2021 00:00,55.99,111.39,36.93,1.98
05/01/2021 00:00,40.4,85.4,34.98,1.74
06/01/2021 00:00,41.18,80.64,35.57,2.22
07/01/2021 00:00,45.84,89.19,45.07,3.58
08/01/2021 00:00,51.48,101.9,35.54,1.44
09/01/2021 00:00,29,67.43,35.86,1.21
10/01/2021 00:00,38.46,84.88,39.89,2
11/01/2021 00:00,61.81,133.62,62.44,4.54
12/01/2021 00:00,64.44,147.98,57.96,7.33
13/01/2021 00:00,66.36,132.62,47.54,3.85
14/01/2021 00:00,58.83,100.79,34.28,1.26
15/01/2021 00:00,74.84,129.18,35.62,3.14
16/01/2021 00:00,66.6,118.25,37.85,1.91
17/01/2021 00:00,53.25,101.32,35.21,2.7
18/01/2021 00:00,45.68,87.28,29.41,1.4
19/01/2021 00:00,51.69,102.35,38.61,2.2
20/01/2021 00:00,48.67,104.67,43.6,3.9
21/01/2021 00:00,52.16,125.53,42.32,3.64
22/01/2021 00:00,61.17,134.89,46.12,5.75
23/01/2021 00:00,66.99,133.89,34.25,2.49
24/01/2021 00:00,50,109.65,34.47,1.58
25/01/2021 00:00,50.28,101.96,32.34,3.12
26/01/2021 00:00,42.34,92.52,28.63,3.25
27/01/2021 00:00,51.73,104.18,25.08,3.22
28/01/2021 00:00,57.03,109.44,24.7,3.73
29/01/2021 00:00,48.73,100.69,28.18,2.87
30/01/2021 00:00,55.14,112.6,31.44,1.85
31/01/2021 00:00,69.44,130.77,29.35,2.23
01/02/2021 00:00,69.05,131.78,31.74,2.99
02/02/2021 00:00,56.6,127.83,39.59,4.95
03/02/2021 00:00,50.56,129.03,44.61,4.88
04/02/2021 00:00,48.52,126.7,53.77,4.89
05/02/2021 00:00,41.83,107.85,54.31,4.55
06/02/2021 00:00,44.74,122.97,61.33,2.87
07/02/2021 00:00,66.68,156.88,64.85,8.51
08/02/2021 00:00,48.67,133.18,41.37,10.61
09/02/2021 00:00,64.1,149.46,70.3,6.79
10/02/2021 00:00,57.24,137.05,55.47,3.53
11/02/2021 00:00,48.97,110.58,47.98,2.48
12/02/2021 00:00,44.58,93.65,44.49,2.47
13/02/2021 00:00,46.66,104.04,52.55,2.91
14/02/2021 00:00,40.05,92.24,45.39,2.07
15/02/2021 00:00,43.44,100.58,44.03,3.04
16/02/2021 00:00,46.71,109.32,38.73,3.83
17/02/2021 00:00,43.75,104.25,38.51,4.1
18/02/2021 00:00,48.67,104.84,31.86,3.01
19/02/2021 00:00,52.75,95.61,36.16,4.18
20/02/2021 00:00,49.2,99.06,37.55,3.96
21/02/2021 00:00,29.41,66.08,28.21,1.82
22/02/2021 00:00,48.3,103.79,41.41,3.53
23/02/2021 00:00,59.64,135.69,42.19,4.37
24/02/2021 00:00,59.71,136.77,52.54,7.15
25/02/2021 00:00,49.85,120.86,43.25,5.44
26/02/2021 00:00,48.84,124.6,37.68,5.67
27/02/2021 00:00,54.06,135.43,37.58,13.25
28/02/2021 00:00,51.99,132.62,41.98,6.5
01/03/2021 00:00,44.84,117.88,26.48,3.9
02/03/2021 00:00,40,105.27,23.45,3.37
03/03/2021 00:00,50.18,137.11,23.72,7.31
04/03/2021 00:00,46.51,125.27,26.3,6.16
05/03/2021 00:00,38.47,102.72,16.27,3.97
06/03/2021 00:00,38.19,99.79,29.83,3.31
07/03/2021 00:00,44.93,113.49,42.71,1.98
08/03/2021 00:00,41.7,111.27,36.07,2.13
09/03/2021 00:00,36.19,90.87,32.92,3.08
10/03/2021 00:00,31.1,91.32,39.72,1.75
11/03/2021 00:00,22.77,83.51,40.42,1.26
12/03/2021 00:00,26.65,85.84,37.47,1.56
13/03/2021 00:00,17.8,72.28,35.64,2.31
14/03/2021 00:00,25.19,74.04,39.35,2.31
15/03/2021 00:00,35.73,87.11,40.78,2.38
16/03/2021 00:00,39.93,95.2,38.51,1.39
17/03/2021 00:00,53.16,117.86,37.53,1.42
18/03/2021 00:00,43.01,109.5,29.14,1.32
19/03/2021 00:00,39.59,113.3,35.14,2.08
20/03/2021 00:00,39.04,105.94,36.16,1.89
21/03/2021 00:00,44.94,119.67,36.17,2.75
22/03/2021 00:00,71.57,154.41,42.86,4.34
23/03/2021 00:00,59.75,154.33,32.44,2.87
24/03/2021 00:00,63.66,135.39,32.35,5.33
25/03/2021 00:00,67.21,158.17,52.1,5.52
26/03/2021 00:00,68.64,149.9,45.12,2.19
27/03/2021 00:00,69.64,162.3,48.35,7.51
28/03/2021 00:00,63.26,146.27,33.52,2.39
29/03/2021 00:00,60.26,139.17,30.31,2.19
30/03/2021 00:00,58.3,141.7,29.27,6.21
31/03/2021 00:00,46.71,144.16,44.39,9.42
01/04/2021 00:00,49.38,162.15,38.62,3.18
02/04/2021 00:00,56.54,176.28,43.48,4.13
03/04/2021 00:00,53.38,165.5,40.69,3.5
04/04/2021 00:00,66,169.7,44.15,3.96
05/04/2021 00:00,59.63,159.83,43.08,3.5
06/04/2021 00:00,48.41,131.06,37.71,2.84
07/04/2021 00:00,44.57,126.02,35.52,2.73
08/04/2021 00:00,46.59,133.03,40.87,4.01
09/04/2021 00:00,46.28,136.66,45.84,4.63
10/04/2021 00:00,35.71,111.14,33.9,3.62
11/04/2021 00:00,22.01,63.42,33.26,1.29
12/04/2021 00:00,29.8,89.76,41.46,2.35
13/04/2021 00:00,28.53,77.62,33.51,2.25
14/04/2021 00:00,20.59,52.97,35.27,2.83
15/04/2021 00:00,26.94,67.34,38.65,3.64
16/04/2021 00:00,34.14,87.25,50.17,1.88
17/04/2021 00:00,36.77,91.74,41.6,2.91
18/04/2021 00:00,None,100.72,43.48,2.99
19/04/2021 00:00,40.63,107.99,40.81,2.83
20/04/2021 00:00,42.48,104.24,40.18,3.98
21/04/2021 00:00,38.69,91.36,34.49,2.56
22/04/2021 00:00,37.01,84.03,32.24,2
23/04/2021 00:00,27.23,68.95,29.27,1.6
24/04/2021 00:00,35.54,84.01,34.83,2.92
25/04/2021 00:00,41.6,101.5,30.88,3.2
26/04/2021 00:00,28.29,78.36,30.24,3.33
27/04/2021 00:00,28.17,81.83,31.51,3.74
28/04/2021 00:00,26.05,74.84,35.7,3.54
29/04/2021 00:00,37.64,100.06,37.01,3.42
30/04/2021 00:00,28.78,81.77,28.85,1.94
01/05/2021 00:00,37.3,97.01,32.7,2.72
02/05/2021 00:00,23.88,65.29,29.8,2.4
03/05/2021 00:00,20.56,58.03,32.08,4.28
04/05/2021 00:00,24.78,67.96,39.43,2.79
05/05/2021 00:00,19.1,61.09,34.89,1.23
06/05/2021 00:00,17.27,53.57,29.84,2.39
07/05/2021 00:00,11.28,41.35,28.06,1.67
08/05/2021 00:00,13.89,47.54,29.15,1.99
09/05/2021 00:00,9.55,35,26.18,2.33
10/05/2021 00:00,14.88,44.8,27.55,2.62
11/05/2021 00:00,22.9,61.68,25.74,1.86
12/05/2021 00:00,18.71,44.69,21.89,1.59
13/05/2021 00:00,20.42,58.59,24.55,2.15
14/05/2021 00:00,21.88,49.78,26.29,2.44
15/05/2021 00:00,5.28,25.72,18.23,1.05
16/05/2021 00:00,11.72,30.07,19.5,0.73
17/05/2021 00:00,10.02,29.95,21.67,1.97
18/05/2021 00:00,15.58,30.92,24.55,1.74
19/05/2021 00:00,9.48,26.91,23.11,1.37
20/05/2021 00:00,10.65,46.46,22.73,1.65
21/05/2021 00:00,27.1,89.38,26.7,1.89
22/05/2021 00:00,25.43,78.51,24.9,1.88
23/05/2021 00:00,42.21,96.72,23.58,5.72
24/05/2021 00:00,27.26,69.93,22.44,1.51
25/05/2021 00:00,27.46,107.69,26.78,4.12
26/05/2021 00:00,25.81,100.65,23.98,1.93
27/05/2021 00:00,17.46,69.47,20.27,2.07
28/05/2021 00:00,16.1,56.9,22.66,1.64
29/05/2021 00:00,16.82,58.33,24.27,1.45
30/05/2021 00:00,18.91,46.85,26.72,1.13
31/05/2021 00:00,11.98,38.52,23.53,1.3
01/06/2021 00:00,9.86,36.25,28.27,1.68
02/06/2021 00:00,13.01,41.07,30.15,1.83
03/06/2021 00:00,13.38,40.93,29.25,1.71
04/06/2021 00:00,12.09,37.39,27.27,1.11
05/06/2021 00:00,12.56,33.71,25.6,1.81
06/06/2021 00:00,6.46,20.82,25.13,1.22
07/06/2021 00:00,11.04,32.76,23.8,1.21
08/06/2021 00:00,10.84,45.45,22.86,1.06
09/06/2021 00:00,5.21,25.73,19.32,0.77
10/06/2021 00:00,4.4,17.75,19.42,0.9
11/06/2021 00:00,5.63,22.9,16.55,0.89
12/06/2021 00:00,3.93,16.01,17.54,1.3
13/06/2021 00:00,3.93,15.05,18.13,1.59
14/06/2021 00:00,4.9,16.98,17.7,0.34
15/06/2021 00:00,4.73,13.68,17.33,1.1
16/06/2021 00:00,3.32,16.77,16.64,0.87
17/06/2021 00:00,5.56,21.99,16.63,0.84
18/06/2021 00:00,14.26,49.27,16.36,1.61
19/06/2021 00:00,10.92,35.73,16.8,1.02
20/06/2021 00:00,18.57,67.11,18.23,1.72
21/06/2021 00:00,38.39,124.49,22.13,1.16
22/06/2021 00:00,33.23,118.58,25.01,1.44
23/06/2021 00:00,28.59,98.5,24.04,1.67
24/06/2021 00:00,16.29,50.91,20.96,1.22
25/06/2021 00:00,9.48,37.97,19.21,2.13
26/06/2021 00:00,10.27,46.96,22.17,0.96
27/06/2021 00:00,9.88,28.97,21.36,0.6
28/06/2021 00:00,11.57,29.19,21.83,1.51
29/06/2021 00:00,14.91,40.31,26.3,1.21
30/06/2021 00:00,9.53,38.54,27.77,1.33
01/07/2021 00:00,8.86,36.78,23.77,2.16
02/07/2021 00:00,11.72,34.91,22.22,0.43
03/07/2021 00:00,14.14,55.54,27.14,1.75
04/07/2021 00:00,17.2,64.27,29.56,1.08
05/07/2021 00:00,20.17,70.74,29.38,1.24
06/07/2021 00:00,18.33,54.78,28.13,1.53
07/07/2021 00:00,16.47,52.3,27.8,1.77
08/07/2021 00:00,9.44,26.04,21.88,0.83
09/07/2021 00:00,4.07,18.47,20.76,0.83
10/07/2021 00:00,7.04,18.4,19.28,1.86
11/07/2021 00:00,8.08,21.74,21.72,1.33
12/07/2021 00:00,4.81,13.84,18.02,0.58
13/07/2021 00:00,5.25,14.67,17.02,1.1
14/07/2021 00:00,3.29,10.26,16,0.4
15/07/2021 00:00,3.43,12.25,18.22,0.77
16/07/2021 00:00,5.61,14.92,17.4,1.36
17/07/2021 00:00,6.57,20.04,20.15,1.98
18/07/2021 00:00,4.86,19.74,21.05,1.52
19/07/2021 00:00,2.56,11.57,15.65,0.86
20/07/2021 00:00,5.45,16.8,13.95,0.53
21/07/2021 00:00,3.22,12.39,14.58,0.79
22/07/2021 00:00,2.82,10.92,13.46,2.53
23/07/2021 00:00,5.06,21.57,16.34,2.26
24/07/2021 00:00,4.58,27.28,17.13,2.62
25/07/2021 00:00,5.3,26.98,17.35,2.94
26/07/2021 00:00,5.67,28.49,16.16,2.99
27/07/2021 00:00,7.92,32.42,17.6,3.32
28/07/2021 00:00,5.16,24.46,17.18,2.4
29/07/2021 00:00,6.35,27.52,15.49,2.16
30/07/2021 00:00,6.61,31.11,16.67,2.23
31/07/2021 00:00,5.13,25.99,16.07,3.21
01/08/2021 00:00,4.35,22.86,16.6,3.04
02/08/2021 00:00,3.73,24.91,17.44,2.06
03/08/2021 00:00,5.88,33.12,20.14,2.63
04/08/2021 00:00,3.53,21.34,18.44,2.67
05/08/2021 00:00,5.91,32.14,18.41,5.22
06/08/2021 00:00,10.01,37.65,20.71,2.5
07/08/2021 00:00,13.78,55.46,24.87,2.9
08/08/2021 00:00,18.7,57.26,25.01,2.81
09/08/2021 00:00,14.29,47.98,26.47,3.13
10/08/2021 00:00,15.27,48.72,23.24,2.45
11/08/2021 00:00,11.4,37.67,22.13,3.55
12/08/2021 00:00,9.95,36.82,24.07,2.52
13/08/2021 00:00,10.78,37.28,21.74,1.96
14/08/2021 00:00,11.34,34.21,24.02,3.2
15/08/2021 00:00,5.94,18.77,17.9,3.02
16/08/2021 00:00,6.71,19.01,18.19,1.88
17/08/2021 00:00,7.92,20.15,19.4,3.02
18/08/2021 00:00,4.75,17.94,17,3.26
19/08/2021 00:00,6.23,22.06,17.08,2.3
20/08/2021 00:00,7.32,30.16,18.98,2.49
21/08/2021 00:00,5.93,28.82,21.98,1.98
22/08/2021 00:00,7.6,22.98,25.52,2.98
23/08/2021 00:00,12.91,33.84,32.86,3.57
24/08/2021 00:00,17.39,48.91,32.88,4.74
25/08/2021 00:00,9.84,38.48,25.45,2.52
26/08/2021 00:00,8.9,29.54,23.15,3.03
27/08/2021 00:00,8.95,32.25,23.69,4.24
28/08/2021 00:00,4.19,22.43,24.07,2.87
29/08/2021 00:00,14.17,40.15,23.06,2.38
30/08/2021 00:00,8.2,22.09,17.28,2.15
31/08/2021 00:00,9.19,30.18,18.92,2.31
01/09/2021 00:00,8.99,33.1,22.05,2.62
02/09/2021 00:00,12.78,44.82,26.59,3.1
03/09/2021 00:00,6.08,27.32,25.26,2.21
04/09/2021 00:00,5.34,18.74,23.31,2.72
05/09/2021 00:00,3.16,14.69,20.12,2.42
06/09/2021 00:00,2.08,13.61,17.95,1.24
07/09/2021 00:00,3.13,12.79,17.43,2.91
08/09/2021 00:00,2.33,14.57,16.14,2.62
09/09/2021 00:00,2.89,20.49,17.84,3.14
10/09/2021 00:00,6.89,32.51,20.17,2.29
11/09/2021 00:00,3.9,27.74,19.59,2.87
12/09/2021 00:00,2.7,23.36,19.11,2.56
13/09/2021 00:00,1.34,15.82,17.47,2.65
14/09/2021 00:00,6.46,33.73,18.52,2.54
15/09/2021 00:00,13.78,69.25,20.67,2.42
16/09/2021 00:00,13.56,69.61,22.43,2.5
17/09/2021 00:00,12.21,63.59,21.12,2.88
18/09/2021 00:00,13.83,58.74,23.91,3.12
19/09/2021 00:00,17.67,49.95,29.92,3.31
20/09/2021 00:00,10.72,41.98,28.48,3.26
21/09/2021 00:00,3.74,14.8,22.22,2.84
22/09/2021 00:00,4.83,17.85,22.25,2.79
23/09/2021 00:00,7.31,19.26,26.15,2.49
24/09/2021 00:00,6.44,24.41,25.2,1.54
25/09/2021 00:00,4.53,23.36,26.15,3.12
26/09/2021 00:00,4.94,19.52,23.58,2.33
27/09/2021 00:00,8.91,19.47,22.67,2.54
28/09/2021 00:00,4.32,15.71,20.85,1.93
29/09/2021 00:00,5.22,18.46,25.35,1.64
30/09/2021 00:00,4.71,23.75,26.96,2.73
01/10/2021 00:00,19.08,54.58,36.34,4.06
02/10/2021 00:00,8,32.67,30.54,2.28
03/10/2021 00:00,7.33,36.22,31.47,3.66
04/10/2021 00:00,11.84,44.17,32.43,2.62
05/10/2021 00:00,16.77,46.45,33.89,3
06/10/2021 00:00,10.04,35.18,29.7,2.22
07/10/2021 00:00,7.08,31.49,30.15,2.41
08/10/2021 00:00,11.89,43.05,30.69,2.59
09/10/2021 00:00,9.08,22.96,26.18,2.71
10/10/2021 00:00,18.86,55.34,29.28,3.62
11/10/2021 00:00,32,93.67,36.82,3.76
12/10/2021 00:00,43.81,119.89,39.24,6.85
13/10/2021 00:00,59.73,134.84,43.98,8.2
14/10/2021 00:00,55.45,122.7,45.85,6.58
15/10/2021 00:00,None,None,None,None
16/10/2021 00:00,77.5,148,33.07,9
17/10/2021 00:00,None,None,None,None
18/10/2021 00:00,37.4,85.75,25.18,2.4
19/10/2021 00:00,37.46,95,30.53,4.9
20/10/2021 00:00,46.97,122.2,40.97,6.57
21/10/2021 00:00,44.79,111.67,43.09,5.28
22/10/2021 00:00,42.27,105.81,42.27,5.81
23/10/2021 00:00,46.77,109.63,47.35,7.08
24/10/2021 00:00,49.7,111.55,47.35,5.88
25/10/2021 00:00,49.85,110.63,35.68,8.1
26/10/2021 00:00,53.06,112.08,37.93,7.43
27/10/2021 00:00,57.4,119.26,39.18,11.34
28/10/2021 00:00,58.79,123.86,40.46,9.47
29/10/2021 00:00,53.73,111.81,34.52,8.82
30/10/2021 00:00,58.33,115.52,35.76,7.37
31/10/2021 00:00,56,112.62,37.59,6.8
01/11/2021 00:00,54.35,113.36,48.99,13.25
02/11/2021 00:00,35.94,76.19,42.41,6.35
03/11/2021 00:00,12.27,32.45,32.76,4.25
04/11/2021 00:00,19.73,41.29,32.43,4.18
05/11/2021 00:00,33.2,63.98,34.09,4.6
06/11/2021 00:00,41.15,88.39,35.41,3.97
07/11/2021 00:00,61.87,112.63,38.4,10.83
08/11/2021 00:00,56.39,126.88,39.33,11.86
09/11/2021 00:00,64.92,133.06,41.91,13.67
10/11/2021 00:00,73.62,151.38,47.57,13.92
11/11/2021 00:00,76.5,156.85,40.67,13.09
12/11/2021 00:00,47.35,108.87,41.25,8.3
13/11/2021 00:00,16.55,41.79,37.48,3.49
14/11/2021 00:00,11.9,36.58,39.58,4.8
15/11/2021 00:00,11.89,36.44,36.74,1.85
16/11/2021 00:00,8.07,29.07,33.07,2.47
17/11/2021 00:00,10.84,31.93,35.05,2.26
18/11/2021 00:00,26.28,61,39.28,3.27
19/11/2021 00:00,14.98,38.75,34.07,4.11
20/11/2021 00:00,7.45,20.89,32.2,2.44
21/11/2021 00:00,7.07,17.72,32.56,2.34
22/11/2021 00:00,8.62,34.32,38.79,4.46
23/11/2021 00:00,17.16,51.98,37.33,3.97
24/11/2021 00:00,32.7,64.91,40.31,3.95
25/11/2021 00:00,41.27,86,40.84,6.82
26/11/2021 00:00,50.65,101.35,43.82,6.02
27/11/2021 00:00,53.58,102.47,44.87,6.49
28/11/2021 00:00,53.73,102.22,38.84,6.92
29/11/2021 00:00,72.63,120.03,37.82,6.93
30/11/2021 00:00,55.2,110.03,48.25,8.89
01/12/2021 00:00,65.29,121.61,45.02,8.2
02/12/2021 00:00,70.77,123.07,39.1,4.49
03/12/2021 00:00,74.7,140.84,43.44,6.26
04/12/2021 00:00,63.16,131.65,43.59,15.31
05/12/2021 00:00,56.83,125.16,43.68,15
06/12/2021 00:00,31.98,74.12,36.28,6.34
07/12/2021 00:00,38.1,92.51,40.38,7.27
08/12/2021 00:00,49.29,99.21,42.86,9.76
09/12/2021 00:00,41.9,89.58,42.17,6.52
10/12/2021 00:00,32.17,68.55,41.58,4.52
11/12/2021 00:00,48.82,96.42,42.65,6.63
12/12/2021 00:00,58.53,109.51,42.62,8.79
13/12/2021 00:00,57.12,110.22,49.28,7.66
14/12/2021 00:00,68.61,125.17,46.22,5.69
15/12/2021 00:00,69.61,142.09,48.89,12.98
16/12/2021 00:00,61.82,131.43,49.62,9.48
17/12/2021 00:00,61.03,143.86,56.26,11.33
18/12/2021 00:00,53.46,124.36,51.6,10.34
19/12/2021 00:00,72.36,139.02,51.18,10.92
20/12/2021 00:00,76.63,150.08,54.45,13.08
21/12/2021 00:00,60.8,100.3,50.2,12.14
22/12/2021 00:00,49.91,129.03,82.45,13.15
23/12/2021 00:00,58.11,136.33,83.16,11.64
24/12/2021 00:00,66.54,133.53,59.75,7.11
25/12/2021 00:00,68.31,129.38,57.09,8.59
26/12/2021 00:00,73.53,139.25,55.39,5.83
27/12/2021 00:00,62.1,109.6,42.83,4.55
28/12/2021 00:00,48.16,87.32,35.2,3.59
29/12/2021 00:00,37.3,79.08,40.43,3.72
30/12/2021 00:00,39.14,78.67,39.97,2.96
31/12/2021 00:00,52.99,98.03,41.99,4.53
01/01/2022 00:00,57.68,100.73,43.66,6.08
02/01/2022 00:00,59.12,102,44.43,4.03
03/01/2022 00:00,59.1,107.81,49.26,6.14
04/01/2022 00:00,66.78,123.05,50.52,7.56
05/01/2022 00:00,64.65,114.49,40.21,4.72
06/01/2022 00:00,45.55,88.42,39.95,4.02
07/01/2022 00:00,32.47,69.45,40.3,3.69
08/01/2022 00:00,22.76,52.33,30.77,3.22
09/01/2022 00:00,26.27,61.32,33.2,3.42
10/01/2022 00:00,28.31,62.03,31.87,3.45
11/01/2022 00:00,26.68,59.41,32.05,2.64
12/01/2022 00:00,31.96,65.21,39.3,3.3
13/01/2022 00:00,26.64,54.31,34.31,2.87
14/01/2022 00:00,22.52,53.2,35.18,3.81
15/01/2022 00:00,28.37,61.73,35.49,3.34
16/01/2022 00:00,39.7,61.52,36.03,4.12
17/01/2022 00:00,35.25,64.64,38.12,3.31
18/01/2022 00:00,43.75,81.7,37.94,4.23
19/01/2022 00:00,49.18,108.26,50.54,6.85
20/01/2022 00:00,62.72,131.39,52.76,5.96
21/01/2022 00:00,45.98,104.22,44.34,9.41
22/01/2022 00:00,36.23,101.32,45.73,6.98
23/01/2022 00:00,26.75,80.47,38.69,4.6
24/01/2022 00:00,37.7,117.67,36.28,4.99
25/01/2022 00:00,81.33,None,40.51,6.15
26/01/2022 00:00,82.5,None,41.9,8.46
27/01/2022 00:00,72.66,185,44.68,18.53
28/01/2022 00:00,41.57,134.25,41.2,10.97
29/01/2022 00:00,35.87,99.39,58.21,18.46
30/01/2022 00:00,66.5,145.5,87.97,5.7
31/01/2022 00:00,69,173,70.5,7.25
01/02/2022 00:00,49.33,114.67,58.6,5.2
02/02/2022 00:00,53,143,46.6,3.4
03/02/2022 00:00,38,77,32.3,3.4
04/02/2022 00:00,49,127.5,36.25,4.1
05/02/2022 00:00,36,151,34.8,6.2
06/02/2022 00:00,None,None,None,None
07/02/2022 00:00,42,129,45.15,5.3
08/02/2022 00:00,51,135,40.58,2.9
09/02/2022 00:00,37.33,107.44,33.34,2.54
10/02/2022 00:00,43.5,111.5,37.4,3.45
11/02/2022 00:00,64.42,146.98,38.51,6.94
12/02/2022 00:00,53.76,132.07,52.71,18.02
13/02/2022 00:00,45.12,125.99,58.37,7.95
14/02/2022 00:00,53.43,117.55,48.2,3.82
15/02/2022 00:00,50.69,112.29,38.94,4.51
16/02/2022 00:00,45.33,106.77,40.62,3.7
17/02/2022 00:00,41.23,100.02,36.16,4.1
18/02/2022 00:00,38.6,91.53,32.67,2.3
19/02/2022 00:00,36,102,39.94,3.72
20/02/2022 00:00,40.36,106.16,44.56,5.52
21/02/2022 00:00,46.8,128,60.84,9.67
22/02/2022 00:00,49.35,123.64,52.16,9.84
23/02/2022 00:00,32.67,88.78,38.83,5.16
24/02/2022 00:00,27.75,80.22,41.62,3.31
25/02/2022 00:00,23.47,79.44,37.44,3.16
26/02/2022 00:00,19.67,80.39,34.26,3.16
27/02/2022 00:00,14.19,54.51,31.53,3.41
28/02/2022 00:00,13,67.75,35.4,2.87
01/03/2022 00:00,13.36,56.04,36.13,3.7
02/03/2022 00:00,17.62,67.32,37.98,3.08
03/03/2022 00:00,23.29,79.22,37.04,3.79
04/03/2022 00:00,27.33,84.02,13.62,3.36
05/03/2022 00:00,29.11,89.06,33.62,3.73
06/03/2022 00:00,30.49,86.26,35.85,4.42
07/03/2022 00:00,25.72,75.39,36.13,3.7
08/03/2022 00:00,43.2,109.02,44.15,5.75
09/03/2022 00:00,53.02,130.18,53.98,6.01
10/03/2022 00:00,65.35,139.82,54.05,6.95
11/03/2022 00:00,58.76,129.15,42.85,5.6
12/03/2022 00:00,60.42,125.25,53.05,6.3
13/03/2022 00:00,60.48,145.06,60.58,6.04
14/03/2022 00:00,46.48,130.8,52.46,10.86
15/03/2022 00:00,45.8,132.36,61.6,11.45
16/03/2022 00:00,40.71,133.66,53.46,5.7
17/03/2022 00:00,43.09,142.29,60.15,6.98
18/03/2022 00:00,52.5,136.2,46.58,6.42
19/03/2022 00:00,40.27,107.92,38.55,4.24
20/03/2022 00:00,39.31,108.33,37.09,4.85
21/03/2022 00:00,45.11,128.21,42.64,4.76
22/03/2022 00:00,53.61,124.88,34.73,4.97
23/03/2022 00:00,57.85,149.35,31.91,4.68
24/03/2022 00:00,56.52,128.72,36.3,4.68
25/03/2022 00:00,51.75,119.71,35.83,2.23
26/03/2022 00:00,44.02,115.65,35.18,2.89
27/03/2022 00:00,46.17,123.29,38.27,5.32
28/03/2022 00:00,44.42,124.57,38.21,4.01
29/03/2022 00:00,46.34,123.3,40.01,4.02
30/03/2022 00:00,51.71,143.28,40.65,5.21
31/03/2022 00:00,49.64,147,37.16,3.92
01/04/2022 00:00,53.2,130.14,33.41,3.85
02/04/2022 00:00,40.46,99.66,27.85,5.39
03/04/2022 00:00,42.01,98.97,26.53,4.73
04/04/2022 00:00,37.22,104.17,27.28,4.63
05/04/2022 00:00,29.91,98.92,38.23,3.31
06/04/2022 00:00,32.16,103.58,48.26,3.25
07/04/2022 00:00,39.79,125.04,50.75,4.28
08/04/2022 00:00,31.63,108.6,49.02,3.12
09/04/2022 00:00,20.66,82.62,48.64,3.26
10/04/2022 00:00,19.14,72.78,48.87,2.42
11/04/2022 00:00,21.28,85.34,47.95,4.44
12/04/2022 00:00,21.43,90,52.66,3.35
13/04/2022 00:00,21.14,89.41,54.38,3.37
14/04/2022 00:00,19.42,82.73,50.42,3.66
15/04/2022 00:00,28.68,99.53,56.44,3.51
16/04/2022 00:00,31.59,100.33,63.82,3.82
17/04/2022 00:00,35.28,98.81,63.5,3.24
18/04/2022 00:00,37.47,114.2,61.53,3.17
19/04/2022 00:00,35.62,104.59,65.29,3.59
20/04/2022 00:00,36.55,104.21,62.52,4.06
21/04/2022 00:00,39.71,105.21,59.48,3.52
22/04/2022 00:00,None,90.96,71.7,3.02
23/04/2022 00:00,25.76,76.16,58.64,2.77
24/04/2022 00:00,26.69,85.37,55.68,3.19
25/04/2022 00:00,50.38,128.66,64.98,6.09
26/04/2022 00:00,31.07,91.47,59.45,2.78
27/04/2022 00:00,41.95,120.13,68.71,4.12
28/04/2022 00:00,35.87,97.25,57.9,2.79
29/04/2022 00:00,40.07,105.81,79.38,4.62
30/04/2022 00:00,38.4,98.84,63.67,3.35
01/05/2022 00:00,39.88,122.19,71.08,4.02
02/05/2022 00:00,30.79,101.84,64.55,2.8
03/05/2022 00:00,45.68,132.81,66.26,5.23
04/05/2022 00:00,26.14,72.99,57.47,3.38
05/05/2022 00:00,34.14,98.52,74.1,3.33
06/05/2022 00:00,34.8,110.31,68.28,4.17
07/05/2022 00:00,37.11,112.98,62.11,3.07
08/05/2022 00:00,40.79,117.8,59.17,3.78
09/05/2022 00:00,50.38,152.42,61.66,6.49
10/05/2022 00:00,52.24,155.21,67.78,7.89
11/05/2022 00:00,23.42,72.27,57.11,3.94
12/05/2022 00:00,14.77,47.46,56.78,2.68
13/05/2022 00:00,28.99,80.1,56.37,2.61
14/05/2022 00:00,32.56,112.53,52.65,4.41
15/05/2022 00:00,34.77,103.53,59.87,3.61
16/05/2022 00:00,32.06,82.75,51.77,2.67
17/05/2022 00:00,30.16,74.54,50.48,3.2
18/05/2022 00:00,35.9,99.31,60.98,3.26
19/05/2022 00:00,13.79,49.72,53.57,2.39
20/05/2022 00:00,15.44,43.14,53.67,1.9
21/05/2022 00:00,30.34,101.94,57.79,2.15
22/05/2022 00:00,24.33,104,44.35,2.83
23/05/2022 00:00,19.44,87.43,44.88,3.75
24/05/2022 00:00,20.13,90.22,46.94,3.51
25/05/2022 00:00,31.72,111.5,50.01,3.03
26/05/2022 00:00,30.33,110.5,51.15,3.21
27/05/2022 00:00,22.83,102.31,49.54,2.97
28/05/2022 00:00,19.76,85.41,45.74,3.47
29/05/2022 00:00,20.8,100.94,47.13,1.89
30/05/2022 00:00,28.18,118.98,50.06,3.47
31/05/2022 00:00,25.1,93.18,51.43,3.36
01/06/2022 00:00,25.54,78.61,51.33,2.16
02/06/2022 00:00,36.82,115.53,53.72,3.46
03/06/2022 00:00,23.04,88.42,45.45,2.99
04/06/2022 00:00,None,None,None,None
05/06/2022 00:00,None,None,None,None
06/06/2022 00:00,25.7,86.9,45.3,1.96
07/06/2022 00:00,21.2,86.86,48.61,3.08
08/06/2022 00:00,22.39,82.49,46.98,3.88
09/06/2022 00:00,15.03,47.08,45.44,2.49
10/06/2022 00:00,6.52,34.32,43.35,2.45
11/06/2022 00:00,4.52,22.53,43.81,2.83
12/06/2022 00:00,5.16,23.33,48.59,3.33
13/06/2022 00:00,5.38,31.54,44.66,3.36
14/06/2022 00:00,9.35,35.06,54.76,3.46
15/06/2022 00:00,10.06,39.08,49.77,2.35
16/06/2022 00:00,15.17,54.49,52.27,3.91
17/06/2022 00:00,19.62,65.94,52.67,3.96
18/06/2022 00:00,20.64,59.57,51.92,4.33
19/06/2022 00:00,12.2,40.22,54.5,2.12
20/06/2022 00:00,5,27.12,49.61,2.83
21/06/2022 00:00,None,17.52,43.9,2.91
22/06/2022 00:00,10.38,30.57,50.12,2.6
23/06/2022 00:00,8.37,26.92,47.49,1.42
24/06/2022 00:00,3.2,15.43,49.13,1.19
25/06/2022 00:00,3.33,20.5,47.35,1.85
26/06/2022 00:00,3.5,22.25,47.25,1.8
27/06/2022 00:00,11.2,41,44.45,2.44
28/06/2022 00:00,6.4,17.82,42.88,2.26
29/06/2022 00:00,10.86,34.1,44.45,1.55
30/06/2022 00:00,6.97,27.59,44.06,2.01
01/07/2022 00:00,7.86,23.81,39.57,2.85
02/07/2022 00:00,11.44,35.15,42.85,3.42
03/07/2022 00:00,15.85,46.07,45.16,2.9
04/07/2022 00:00,14.14,41.13,47.04,4.07
05/07/2022 00:00,5.23,14.55,39.18,2.25
06/07/2022 00:00,8.58,21.86,39.61,1.86
07/07/2022 00:00,8.67,None,39.17,2.19
08/07/2022 00:00,9.13,18.15,35.94,3.04
09/07/2022 00:00,5.69,14.46,32.88,1.22
10/07/2022 00:00,6.6,16.85,30.34,2.68
11/07/2022 00:00,9.06,20.3,28.69,2.32
12/07/2022 00:00,5.46,13.01,29.83,2.06
13/07/2022 00:00,6.64,13.29,27.46,1.59
14/07/2022 00:00,6.85,19.49,30.69,2.13
15/07/2022 00:00,9.6,33.97,33.94,2.24
16/07/2022 00:00,11.44,34.18,38.23,2.64
17/07/2022 00:00,7.31,23.54,42.7,2.84
18/07/2022 00:00,7.85,22.91,42.89,1.95
19/07/2022 00:00,10.63,45.04,29.26,2.67
20/07/2022 00:00,14.03,50.44,23.56,2.58
21/07/2022 00:00,12.57,42.67,26.01,2.35
22/07/2022 00:00,4.27,13.31,47.38,1.35
23/07/2022 00:00,8.66,24.65,41.63,2.56
24/07/2022 00:00,9.62,29.17,40.4,3
25/07/2022 00:00,11.48,35.52,44.82,3.16
26/07/2022 00:00,7.55,19.81,47,2.09
27/07/2022 00:00,14.15,38.65,51.97,2.58
28/07/2022 00:00,16.68,51.1,50.74,2.75
29/07/2022 00:00,18.91,51.42,40.99,2.78
30/07/2022 00:00,14.01,39.52,30.97,2.75
31/07/2022 00:00,12.8,36.35,27.77,2.12
01/08/2022 00:00,18.75,55.07,34.41,2.01
02/08/2022 00:00,19.28,62.23,36.33,2.26
03/08/2022 00:00,14.4,42.45,34.74,2.48
04/08/2022 00:00,11.95,40.58,33.21,2.36
05/08/2022 00:00,5.41,21.69,29.68,1.44
06/08/2022 00:00,4.86,20.76,37.84,2.46
07/08/2022 00:00,3.99,15.85,44.49,2.22
08/08/2022 00:00,2.07,9.93,41,2.68
09/08/2022 00:00,9.28,23.5,35.81,2.43
10/08/2022 00:00,7.96,30.22,38.46,2.9
11/08/2022 00:00,6.32,26.67,44.19,2.24
12/08/2022 00:00,6.09,25.03,41.58,2.63
13/08/2022 00:00,6.1,25.7,43.31,3.06
14/08/2022 00:00,4.44,18.69,46.64,2.89
15/08/2022 00:00,4.28,18.08,50.13,3.45
16/08/2022 00:00,4.95,26.94,43.11,4.04
17/08/2022 00:00,7.62,34.55,29.3,2.01
18/08/2022 00:00,8.31,34.97,29.39,2.48
19/08/2022 00:00,7.38,31.91,28.42,2.53
20/08/2022 00:00,6.87,28.52,27.69,2.97
21/08/2022 00:00,7.33,34.39,27.69,2.5
22/08/2022 00:00,9.9,41.73,30.82,1.96
23/08/2022 00:00,5.45,32.83,32.98,2.57
24/08/2022 00:00,6.53,28.03,33.37,2.98
25/08/2022 00:00,10.39,32.48,35.16,3.33
26/08/2022 00:00,13.69,55.84,38.03,3.06
27/08/2022 00:00,17.21,63.26,36.4,3.01
28/08/2022 00:00,18.53,60.93,35.36,2.02
29/08/2022 00:00,33.6,90.8,41.92,3.55
30/08/2022 00:00,17.65,49.58,41.31,3.82
31/08/2022 00:00,9.08,33.99,34.49,3.63
01/09/2022 00:00,6.59,29.11,39.43,2.63
02/09/2022 00:00,6.76,28.77,40.97,2.67
03/09/2022 00:00,7.86,30.33,37.41,3.43
04/09/2022 00:00,12.31,46.2,39.82,4.96
05/09/2022 00:00,14.12,48.77,42.02,2.88
06/09/2022 00:00,15.72,49.63,48.16,4.28
07/09/2022 00:00,13.7,41.76,44.8,5.64
08/09/2022 00:00,7.59,23.86,39.57,4.07
09/09/2022 00:00,7.87,24.57,44.43,4.33
10/09/2022 00:00,5.74,15.96,41.03,4.01
11/09/2022 00:00,3.19,9.85,34.87,6
12/09/2022 00:00,2.06,15.51,35.95,3.47
13/09/2022 00:00,6.47,24.06,28.71,3.35
14/09/2022 00:00,6.25,24.22,18.56,5.01
15/09/2022 00:00,6.96,28.77,21.92,5.17
16/09/2022 00:00,5.52,24.24,25.36,6.27
17/09/2022 00:00,None,34.33,32.43,4.6
18/09/2022 00:00,16,28,23.8,8
19/09/2022 00:00,10.33,34.33,27.5,1.8
20/09/2022 00:00,9.6,23.5,32.39,5.7
21/09/2022 00:00,21.54,67.78,34.13,3.76
22/09/2022 00:00,14.85,45.03,33.83,3.18
23/09/2022 00:00,10.9,45.17,30.71,4.68
24/09/2022 00:00,8.6,35.84,33.06,4.69
25/09/2022 00:00,13.21,49.62,39.2,5.15
26/09/2022 00:00,23.75,72.3,38.15,4.96
27/09/2022 00:00,16,51.25,32.84,4.89
28/09/2022 00:00,23.91,68.65,31.68,5.94
29/09/2022 00:00,18.31,47.82,31.83,4.06
30/09/2022 00:00,34.86,95.78,36.92,4.89
01/10/2022 00:00,25.22,82.39,32.28,3.69
02/10/2022 00:00,14.17,54.07,31.26,6.27
03/10/2022 00:00,19.79,73.82,35.87,4.53
04/10/2022 00:00,24.91,87.08,28.45,4.31
05/10/2022 00:00,30.54,84.45,34.02,5.51
06/10/2022 00:00,9.06,24.95,30.12,4.96
07/10/2022 00:00,9.07,26.74,27.64,5.97
08/10/2022 00:00,8.24,32.86,29.29,5.36
09/10/2022 00:00,9.23,31.5,33.4,5.68
10/10/2022 00:00,4.07,22.82,28.88,5.03
11/10/2022 00:00,5.37,22.31,50.07,3.41
12/10/2022 00:00,9.51,31.12,29.91,3.8
13/10/2022 00:00,12.04,41.55,35.55,3.19
14/10/2022 00:00,13.07,43,19.18,4.06
15/10/2022 00:00,12.66,39.54,22.13,3.8
16/10/2022 00:00,4.55,20.87,10.91,5.17
17/10/2022 00:00,3.78,24.73,13.38,4.23
18/10/2022 00:00,13.09,45.75,30.15,4.09
19/10/2022 00:00,24.89,77.23,36.73,4.67
20/10/2022 00:00,21.6,60.75,35.06,4.32
21/10/2022 00:00,33.36,79.93,34.58,4.46
22/10/2022 00:00,33.45,96.03,35.3,7.6
23/10/2022 00:00,40.84,117.54,45.83,15.58
24/10/2022 00:00,36.38,112.55,42.74,8.67
25/10/2022 00:00,36.16,102.09,39.85,8.34
26/10/2022 00:00,49.3,126.64,51.6,6.87
27/10/2022 00:00,45.49,109.07,50.56,7
28/10/2022 00:00,33.73,103.82,46.25,10.82
29/10/2022 00:00,33.02,108.1,39.58,13.34
30/10/2022 00:00,32.54,102.92,38.59,10.62
31/10/2022 00:00,46.59,131.21,40.9,12.36
01/11/2022 00:00,46.24,117.25,47.45,7.75
02/11/2022 00:00,55.68,142.72,50.19,13.64
03/11/2022 00:00,53.03,127.92,44.77,11.67
04/11/2022 00:00,46.51,121.01,45.53,10.94
05/11/2022 00:00,37.7,101.59,46.88,5.51
06/11/2022 00:00,41.92,107.94,55.81,1.42
07/11/2022 00:00,52.6,139.2,62.64,3
08/11/2022 00:00,45.06,132.73,56.23,3.92
09/11/2022 00:00,48.29,123.57,60.44,4.21
10/11/2022 00:00,46.49,122.6,42.33,6.51
11/11/2022 00:00,49.49,140.24,39.64,11.82
12/11/2022 00:00,44.84,120.74,39.6,8.65
13/11/2022 00:00,49.93,122.78,46.64,12.74
14/11/2022 00:00,50.87,130.24,49.99,6.59
15/11/2022 00:00,55.93,134.45,50.52,8.64
16/11/2022 00:00,45.39,115.21,55.31,15.28
17/11/2022 00:00,49.87,139.7,58.42,9.37
18/11/2022 00:00,50.33,126.97,41.77,9.41
19/11/2022 00:00,64.05,145.34,43.04,10.56
20/11/2022 00:00,59.45,133.08,45.04,15.85
21/11/2022 00:00,57.65,134.65,45.09,9.51
22/11/2022 00:00,64.63,149.76,53.43,11.79
23/11/2022 00:00,62.92,141.85,58.4,5.26
24/11/2022 00:00,57.49,124.89,59.44,2.75
25/11/2022 00:00,None,146.96,58.38,3.43
26/11/2022 00:00,63.32,140,63.52,16.84
27/11/2022 00:00,64.47,140.7,52.72,8.4
28/11/2022 00:00,54.49,125.63,52.45,9.02
29/11/2022 00:00,54.91,126.03,53.7,8.46
30/11/2022 00:00,63.56,138.75,70.07,12.17
01/12/2022 00:00,66.9,139.91,53.22,4.28
02/12/2022 00:00,68.57,139.91,56.22,1.57
03/12/2022 00:00,47.53,104.41,48.43,2.11
04/12/2022 00:00,61.2,122.94,43.86,2.31
05/12/2022 00:00,74.31,159.01,43.85,8.15
06/12/2022 00:00,59.45,134.62,52.5,6.41
07/12/2022 00:00,58.93,150.82,40.45,4.42
08/12/2022 00:00,58,147.8,42.35,14.37
09/12/2022 00:00,70.51,166.18,58.65,27.83
10/12/2022 00:00,57.74,128.45,42,15.98
11/12/2022 00:00,26.35,57.75,35.65,1.59
12/12/2022 00:00,17.83,46.22,34.31,1.48
13/12/2022 00:00,13.58,36.55,32.2,1.94
14/12/2022 00:00,14.1,37.63,39.56,1.01
15/12/2022 00:00,34.02,80.88,51.6,1.49
16/12/2022 00:00,53.44,117.26,64.49,1.76
17/12/2022 00:00,63.87,139.47,55.01,1.63
18/12/2022 00:00,43.14,106.86,42.51,7.52
19/12/2022 00:00,53.42,125.2,63.12,5.62
20/12/2022 00:00,61.68,142.43,77.26,4.63
21/12/2022 00:00,57.16,132.49,71.64,4.33
22/12/2022 00:00,54.66,128.1,72.94,3.59
23/12/2022 00:00,47.63,117.66,76.9,4.84
24/12/2022 00:00,60.63,141.38,61.38,5.02
25/12/2022 00:00,37.81,92.68,42.42,1.12
26/12/2022 00:00,20.19,57.15,34.56,1.4
27/12/2022 00:00,15.83,49.8,34.97,2.76
28/12/2022 00:00,20.45,70.52,46.16,4.06
29/12/2022 00:00,32.26,97.89,59.19,1.16
30/12/2022 00:00,48.88,123.46,66.67,2.69
31/12/2022 00:00,42.77,109,52.54,3.58
01/01/2023 00:00,37.26,92.88,39.94,3.47
02/01/2023 00:00,36.79,92.61,34.62,1.96
03/01/2023 00:00,36.95,92.99,35.88,1.11
04/01/2023 00:00,29.53,83.04,38.48,0.89
05/01/2023 00:00,45.26,99.2,34.89,1.07
06/01/2023 00:00,69.87,137.49,42.84,1.98
07/01/2023 00:00,61.11,141.18,40.84,5.97
08/01/2023 00:00,45.44,115.39,57.68,14.21
09/01/2023 00:00,47.43,117.27,85.72,15.34
10/01/2023 00:00,50.95,130.35,84.48,17.55
11/01/2023 00:00,63.17,159.53,95.55,9.71
12/01/2023 00:00,39.78,132.59,68.92,4.62
13/01/2023 00:00,44.09,120.47,59.45,4.87
14/01/2023 00:00,38.19,98.8,41.45,4.23
15/01/2023 00:00,41.99,101.02,36.33,2.04
16/01/2023 00:00,28.51,71.49,31.49,1.98
17/01/2023 00:00,25.63,73.85,33.96,3.13
18/01/2023 00:00,29.84,82.94,38,3.57
19/01/2023 00:00,33.61,90.14,36.01,2.03
20/01/2023 00:00,37.86,95.49,36.18,1.62
21/01/2023 00:00,38.92,97.23,43.76,2.41
22/01/2023 00:00,42.77,105.56,52.53,1.28
23/01/2023 00:00,42.92,112.71,36.07,1.87
24/01/2023 00:00,25.89,73.3,32.12,1.23
25/01/2023 00:00,25.21,76.05,38.57,2.45
26/01/2023 00:00,31.32,84.02,37.19,2.02
27/01/2023 00:00,43.43,110.9,48.75,3.22
28/01/2023 00:00,50.34,121.75,66.02,3.01
29/01/2023 00:00,None,None,None,None
30/01/2023 00:00,34.25,92.13,42.82,1.73
31/01/2023 00:00,45.12,115.97,43.46,3.46
01/02/2023 00:00,64.92,164.53,40.36,7.34
02/02/2023 00:00,42.36,124.95,40.85,11.05
03/02/2023 00:00,30.6,109.47,59.16,21.57
04/02/2023 00:00,39.04,128.4,52.85,13.96
05/02/2023 00:00,46.88,131.32,61.56,10.88
06/02/2023 00:00,47.23,131.68,54.76,3.5
07/02/2023 00:00,42.49,118.24,42.23,2.25
08/02/2023 00:00,45.39,131.16,44.69,3.14
09/02/2023 00:00,47.14,136.62,62.49,5.68
10/02/2023 00:00,47.83,142.71,76.48,10.51
11/02/2023 00:00,43.15,121.99,75.26,6.22
12/02/2023 00:00,39.78,121.88,63.42,7.67
13/02/2023 00:00,35.43,130.82,41.15,6
14/02/2023 00:00,35.8,128.09,52.19,17.28
15/02/2023 00:00,41.78,125.18,69.16,11.94
16/02/2023 00:00,41.07,139.55,74.42,15.76
17/02/2023 00:00,40.32,132.15,64.69,20.62
18/02/2023 00:00,45.96,135.89,64.41,6.56
19/02/2023 00:00,37.22,101.14,40.12,4.47
20/02/2023 00:00,43.86,125.23,55.89,3.6
21/02/2023 00:00,50.36,139.05,59.75,5.87
22/02/2023 00:00,52.47,139.15,72.45,4.62
23/02/2023 00:00,50.7,137.78,52.63,7.4
24/02/2023 00:00,52.62,135.34,63.42,6.45
25/02/2023 00:00,48.26,126.07,69.48,10
26/02/2023 00:00,44.04,119.13,63.53,6.93
27/02/2023 00:00,39.44,109.84,38.25,3.63
28/02/2023 00:00,33.35,96.37,39.9,3.99
01/03/2023 00:00,36.87,103.03,50.3,3.9
02/03/2023 00:00,40.05,109.45,55.25,2.54
03/03/2023 00:00,52.58,144.82,47.32,5.6
